[
  {
    "State": "Idaho",
    "City": "American Falls",
    "Name": "Willow Bay Baptist Church",
    "Description": "Provides a food pantry.  Pantry Hours: 3rd Saturday of the month 12:00pm",
    "Address": "246 Lee Street\nAmerican Falls, ID 83211",
    "Phone": "208-226-2244",
    "FoodPantriesImage": "https://www.foodpantries.org/gallery/25600_willow_bay_baptist_church_83211_ktg.jpg"
  },
  {
    "State": "Idaho",
    "City": "Bellevue",
    "Name": "Blaine County Hunger Coalition",
    "Description": "Provides a food pantry.  Pantry Hours: Monday through Thursday 9:00am - 5:00pm",
    "Address": "121 Honeysuckle St.\nBellevue, ID 83638",
    "Phone": "208-788-0121",
    "FoodPantriesImage": "https://www.foodpantries.org/gallery/no_photo_9.jpg"
  },
  {
    "State": "Idaho",
    "City": "Blackfoot",
    "Name": "Lighthouse Assembly of God",
    "Description": "Provides a food pantry.  Pantry Hours: Thursday 12:00pm - 1:30pm Sunday12:30pm - 2:30pm",
    "Address": "288 W Pacific Street\nBlackfoot, ID 83221",
    "Phone": "208-604-0761",
    "FoodPantriesImage": "https://www.foodpantries.org/gallery/no_photo_3.jpg"
  },
  {
    "State": "Idaho",
    "City": "Boise",
    "Name": "Idaho Food Bank",
    "Description": "Our mission is to help feed, educate and advocate for Idaho's hungry through collaborative partnerships to develop efficient solutions that strengthen individuals, families and communities.For more information, please call.",
    "Address": "3562 S TK Ave\nBoise, ID 83705",
    "Phone": "(208) 336-9643",
    "FoodPantriesImage": "https://www.foodpantries.org/gallery/677_idaho-food-bank_tej.png"
  },
  {
    "State": "Idaho",
    "City": "Boise",
    "Name": "Boise Rescue Mission Ministries",
    "Description": "For more information, please call.",
    "Address": "308 S 24th Street\nBoise, ID 83702",
    "Phone": "208-343-2389",
    "FoodPantriesImage": "https://www.foodpantries.org/gallery/1167_boise-rescue-mission-ministries_xse.jpg"
  },
  {
    "State": "Idaho",
    "City": "Boise",
    "Name": "Treasure Valley Full Gospel",
    "Description": "Provides a food pantry.  Pantry Hours: Tuesday12:00pm - 3:00pm",
    "Address": "3838 S Cole Rd\nBoise, ID 83709",
    "Phone": "208-562-0651",
    "FoodPantriesImage": "https://www.foodpantries.org/gallery/no_photo_5.jpg"
  },
  {
    "State": "Idaho",
    "City": "Boise",
    "Name": "St John's Food Bank",
    "Description": "Provides a food pantry.  If you want to visit our Food Bank to receive food bags or boxes, we are located across Hays from the Cathedral mid-block in a small house.Pantry hours: Mondays through Thursdays 1:00pm - 3:00pmExcept for major federal holidays.&nbsp; ",
    "Address": "815 N Hays Street\nBoise, ID 83702",
    "Phone": "208-342-3511",
    "FoodPantriesImage": "https://www.foodpantries.org/gallery/25569_st_johns_cathedral_83611_khf.jpg"
  },
  {
    "State": "Idaho",
    "City": "Boise",
    "Name": "St Mark's Food Bank",
    "Description": "Provides a food pantry.  Pantry Hours: Monday - Friday 10:00pm - 2:00pmWe are happy to announce the addition of a food storage shed! This shed \r\nwill provide much-needed space and will enable us to load and unload \r\nfood more efficiently. The construction of the storage unit was made \r\npossible by a private donation.",
    "Address": "7960 W Northview Street\nBoise, ID 83672",
    "Phone": "208-375-6651",
    "FoodPantriesImage": "https://www.foodpantries.org/gallery/25570_st_marks_food_bank_83672_tyw.jpg"
  },
  {
    "State": "Idaho",
    "City": "Boise",
    "Name": "St Mary's Church and Food Bank",
    "Description": "Provides a food pantry to 83703, 83702, and 83741 zip codes.Pantry Hours: Monday, Wednesdays and Friday11:00pm - 3:00pm",
    "Address": "3890 W State Street\nBoise, ID 83703",
    "Phone": "(208) 345-2734",
    "FoodPantriesImage": "https://www.foodpantries.org/gallery/25571_st_marys_church_and_food_bank_83638_ouk.jpg"
  },
  {
    "State": "Idaho",
    "City": "Boise",
    "Name": "Mountain View Church of the Brethren",
    "Description": "Provides a food pantry. Pantry Hours: Tuesday - Thursday 10:30am - 1:30pmOr On Call",
    "Address": "2823 N. Cole Rd.\nBoise, ID 83704",
    "Phone": "208-375-0604",
    "FoodPantriesImage": "https://www.foodpantries.org/gallery/25535_mountain_view_church_of_the_brethren_83672_dtx.jpg"
  },
  {
    "State": "Idaho",
    "City": "Boise",
    "Name": "Heritage Bible",
    "Description": "Provides a food pantry.  Pantry Hours: Sunday 12:30pm - 2:30pm",
    "Address": "7071 W Emerald\nBoise, ID 83704",
    "Phone": "208-353-4036",
    "FoodPantriesImage": "https://www.foodpantries.org/gallery/25507_heritage_bible_83611_sgj.gif"
  },
  {
    "State": "Idaho",
    "City": "Boise",
    "Name": "House of Ruth",
    "Description": "Provides a food pantry.  For more information, please call.",
    "Address": "3102 Palouse St\nBoise, ID 83705",
    "Phone": "(208) 424-8324",
    "FoodPantriesImage": "https://www.foodpantries.org/gallery/no_photo_2.jpg"
  },
  {
    "State": "Idaho",
    "City": "Boise",
    "Name": "Friendship Food Pantry",
    "Description": "Provides a food pantry.  Pantry hours: Monday5:00pm - 7:00pm",
    "Address": "950 W State Street\nBoise, ID 83702",
    "Phone": "208-345-3441",
    "FoodPantriesImage": "https://www.foodpantries.org/gallery/no_photo_2.jpg"
  },
  {
    "State": "Idaho",
    "City": "Boise",
    "Name": "First Bible Missionary Church",
    "Description": "Provides a food pantry.  Pantry Hours: By appointment",
    "Address": "375 N Roosevelt St.\nBoise, ID 83706",
    "Phone": "(208) 297-8292",
    "FoodPantriesImage": "https://www.foodpantries.org/gallery/no_photo_1.jpg"
  },
  {
    "State": "Idaho",
    "City": "Boise",
    "Name": "Community Ministries Center",
    "Description": "Provides a food pantry.  Pantry Hours: Tuesday - Friday 12:00pm - 3:30pmFor more information, please call.",
    "Address": "3000 Esquire Drive\nBoise, ID 83704",
    "Phone": "208-378-7774",
    "FoodPantriesImage": "https://www.foodpantries.org/gallery/no_photo_9.jpg"
  },
  {
    "State": "Idaho",
    "City": "Boise",
    "Name": "Community Support Center Advocates",
    "Description": "Provides a food pantry.  Pantry Hours: Monday - Friday 8:00am - 4:00pm",
    "Address": "716 N Orchard Street\nBoise, ID 83706",
    "Phone": "208-429-0330",
    "FoodPantriesImage": "https://www.foodpantries.org/gallery/no_photo_9.jpg"
  },
  {
    "State": "Idaho",
    "City": "Boise",
    "Name": "City Light",
    "Description": "Provides a food pantry.  Pantry Hours:Please call.",
    "Address": "1404 W Jefferson Street\nBoise, ID 83702",
    "Phone": "(208) 368-9901",
    "FoodPantriesImage": "https://www.foodpantries.org/gallery/25467_city_light_83702_czm.jpg"
  },
  {
    "State": "Idaho",
    "City": "Boise",
    "Name": "Calvary Chapel of Boise",
    "Description": "Provides a food pantry.  Pantry Hours: Monday - Friday9:00am - 5:00pmFood pantry modular building (on the east side of New Again Thrift Store)",
    "Address": "123 S. Auto Drive\nBoise, ID 83709",
    "Phone": "(208) 321-7440",
    "FoodPantriesImage": "https://www.foodpantries.org/gallery/25462_calvary_chapel_of_boise_83638_wse.jpg"
  },
  {
    "State": "Idaho",
    "City": "Boise",
    "Name": "Agape in Action",
    "Description": "Provides a food pantry.  Pantry Hours: The 4th Saturday of the month 1:00 m",
    "Address": "1001 S. Orchard Street\nBoise, ID 83705",
    "Phone": "(208) 685-0612",
    "FoodPantriesImage": "https://www.foodpantries.org/gallery/25453_agape_in_action_83705_qbx.png"
  },
  {
    "State": "Idaho",
    "City": "Boise",
    "Name": "St Vincent De Paul Food Bank",
    "Description": "The Society of St. Vincent de Paul, Southwest Idaho District Council operates three Food Pantries. People need food for many reasons. High fuel and housing costs make it difficult for families to make ends meet. In most people's budget, food dollars are the last dollars spent. If any other crisis comes up, they do not have enough to buy the food they need. Then they come to pantries such as ours f",
    "Address": "3209 W Overland Rd\nBoise, ID 83705",
    "Phone": "(208) 331-1460",
    "FoodPantriesImage": "https://www.foodpantries.org/gallery/34514_hwctwlmkym.jpg"
  },
  {
    "State": "Idaho",
    "City": "Boise",
    "Name": "Grace Chapel - Food Pantry",
    "Description": " HoursWednesdays from 1:00pm - 3:00pm. People may come in once per month for food.\r\nDONATIONS NEEDED:Peanut butterMac &amp; CheeseChiliBeansSoupsTuna Fish&nbsp;Spam and other canned Meats&nbsp;Canned VeggiesCanned FruitsCanned/Packaged PotatoesHamburger/Tuna He",
    "Address": "8650 Fairview Ave.\nBoise, ID 83704",
    "Phone": "208-375-5515",
    "FoodPantriesImage": "https://www.foodpantries.org/gallery/36307_grace-chapel-food-pantry_hwh.jpg"
  },
  {
    "State": "Idaho",
    "City": "Boise",
    "Name": "City Hope Food Pantry",
    "Description": "Hours: Monday - Thursday9:30am to 11:30am\r\nMay pick up food once per week. For more information, please call.",
    "Address": "8401 W. Fairview Ave.\nBoise, ID 83704",
    "Phone": "(208) 376-7272",
    "FoodPantriesImage": "https://www.foodpantries.org/gallery/38332_city-hope-food-pantry_hht.png"
  },
  {
    "State": "Idaho",
    "City": "Buhl",
    "Name": "W.E.M.A. Emergency Food Panty",
    "Description": "Food Boxes available; bread every Tuesday and produce when available.  Free jackets and blankets available. \r\nServes Buhl and Castleford. Hours:The 1st, 3rd and 4th Tuesday 1:30pm - 4:30pm The 2nd Wednesday 1:30pm - 4:30pm\r\n(also available on call)If Tuesday time does not work, call to schedule an alt",
    "Address": "908 Maple Street\nBuhl, ID 83316",
    "Phone": "(208) 329-2393",
    "FoodPantriesImage": "https://www.foodpantries.org/gallery/34654_id_83316_w-e-m-a-emergency-food-panty_wym.jpg"
  },
  {
    "State": "Idaho",
    "City": "Burley",
    "Name": "Little Flower Catholic Church",
    "Description": "Provides a food pantry.  Pantry Hours: Monday - Thursday 11:00am - 12:00pmDonations are accepted anytime during the week.",
    "Address": "1601 Oakley Ave\nBurley, ID 83318",
    "Phone": "208-678-5453",
    "FoodPantriesImage": "https://www.foodpantries.org/gallery/25524_little_flower_catholic_church_83318_spc.png"
  },
  {
    "State": "Idaho",
    "City": "Burley",
    "Name": "Community Council of Idaho",
    "Description": "Provides a food pantry.  Pantry Hours: Monday-Friday8:30am - 3:30pm",
    "Address": "437 E 13th Street\nBurley, ID 83318",
    "Phone": "208-878-1171",
    "FoodPantriesImage": "https://www.foodpantries.org/gallery/25469_community_council_of_idaho_83318_vhu.png"
  },
  {
    "State": "Idaho",
    "City": "Caldwell",
    "Name": "World Harvest Church of God of Prophecy",
    "Description": "Provides a food pantry.  Pantry Hours: 3rd Saturday of month 10:00am - 12:00pm",
    "Address": "803 Main St\nCaldwell, ID 83605",
    "Phone": "208-724-9462",
    "FoodPantriesImage": "https://www.foodpantries.org/gallery/25601_world_harvest_church_of_god_of_prophecy_83611_wrt.jpg"
  },
  {
    "State": "Idaho",
    "City": "Caldwell",
    "Name": "WICAP Caldwell",
    "Description": "Provides a food pantry.  Pantry Hours: Monday, Tuesday, Thursday 8:00am - 4:00pmWednesdayClosedFriday1:00pm - 4:00pm",
    "Address": "502 Main St\nCaldwell, ID 83605",
    "Phone": "(208) 454-0675",
    "FoodPantriesImage": "https://www.foodpantries.org/gallery/25594_wicap-caldwell_83672_xnj.jpg"
  },
  {
    "State": "Idaho",
    "City": "Caldwell",
    "Name": "Salvation Army-Caldwell",
    "Description": "Provides a food pantry.  Pantry Hours: Wednesday 1:00pm - 3:30pmGo into the smaller office building, not the worship centerRequirements: ID and proof of address (just any piece of mail).&nbsp; Once you're entered into their system, they give you a pink slip of paper and you drive around to the back of the building, hand the paper to the attendant, and pic",
    "Address": "1015 E Chicago St\nCaldwell, ID 83672",
    "Phone": "(208) 459-2011",
    "FoodPantriesImage": "https://www.foodpantries.org/gallery/25559_salvation_army-caldwell_83672_rvs.png"
  },
  {
    "State": "Idaho",
    "City": "Caldwell",
    "Name": "Seventh Day Adventist-Caldwell",
    "Description": "Provides a food pantry.  Serves Canyon county.Pantry Hours: Monday 10:00am - 12:30pmTuesday 2:00pm - 5:00pmRequirements:Bring ID for yourself and some type of paperwork or ID for members of your household. They have a clothing bank and household item shelf available as well ",
    "Address": "2106 Linden Ave.\nCaldwell, ID 83672",
    "Phone": "(208) 459-2451",
    "FoodPantriesImage": "https://www.foodpantries.org/gallery/25565_seventh_day_adventist-caldwell_83672_rnw.jpg"
  },
  {
    "State": "Idaho",
    "City": "Caldwell",
    "Name": "St Vincent de Paul-Caldwell",
    "Description": "Provides a food pantry.  Pantry Hours: Wednesday 2:00pm - 5:00pm",
    "Address": "3719 E Cleveland Blvd\nCaldwell, ID 83611",
    "Phone": "208-454-2132",
    "FoodPantriesImage": "https://www.foodpantries.org/gallery/no_photo_8.jpg"
  },
  {
    "State": "Idaho",
    "City": "Caldwell",
    "Name": "Oasis Worship Center",
    "Description": "Individuals and Families can come to Oasis Food Center once a week.Hours:Wednesday12:00pm - 2:00pmHot Meals and Food BoxThursday4:00pm - 6:00pmFood BoxFor first time individuals, please call.",
    "Address": "506 W Simplot Blvd.\nCaldwell, ID 83605",
    "Phone": "208-459-6000",
    "FoodPantriesImage": "https://www.foodpantries.org/gallery/no_photo_4.jpg"
  },
  {
    "State": "Idaho",
    "City": "Caldwell",
    "Name": "New Life Celebration",
    "Description": "Provides a food pantry.  Pantry Hours: Thursday 1:00pm - 4:00pm",
    "Address": "1201 Arthur St\nCaldwell, ID 83611",
    "Phone": "208-454-0800",
    "FoodPantriesImage": "https://www.foodpantries.org/gallery/no_photo_2.jpg"
  },
  {
    "State": "Idaho",
    "City": "Caldwell",
    "Name": "Alpha and Omega Ministries",
    "Description": "Provides a food pantry.  Pantry Hours:2nd and 3rd Saturday of monthBy appointment onlyAppointment Hours:Monday - Friday9:00am - 5:00pm",
    "Address": "220 6th Ave\nCaldwell, ID 83606",
    "Phone": "208-454-9499",
    "FoodPantriesImage": "https://www.foodpantries.org/gallery/no_photo_5.jpg"
  },
  {
    "State": "Idaho",
    "City": "Cascade",
    "Name": "WICAP-Cascade",
    "Description": "Provides a food pantry.  Pantry Hours: Monday-Friday 8:00am - 12:00pm and 1:00pm - 5:00pm",
    "Address": "110 W. Pine St.\nCascade, ID 83611",
    "Phone": "208-382-4577",
    "FoodPantriesImage": "https://www.foodpantries.org/gallery/no_photo_5.jpg"
  },
  {
    "State": "Idaho",
    "City": "Challis",
    "Name": "Helping Hands",
    "Description": "Provides a food pantry.  Pantry Hours:By appointment only. Please call.",
    "Address": "610 Clinic Rd\nChallis, ID 83226",
    "Phone": "208-879-4713",
    "FoodPantriesImage": "https://www.foodpantries.org/gallery/no_photo_4.jpg"
  },
  {
    "State": "Idaho",
    "City": "Chubbuck",
    "Name": "Gate City Christian Church Pantry",
    "Description": "Temporary Emergency Food Assistance Program distribution site, food provided.Hours Friday 3:00pm - 6:00pm. Se habla espanol.",
    "Address": "202 W Siphon Rd\nChubbuck, ID 83202",
    "Phone": "208-237-5002",
    "FoodPantriesImage": "https://www.foodpantries.org/gallery/no_photo_6.jpg"
  },
  {
    "State": "Idaho",
    "City": "Council",
    "Name": "Loaves and Fishes Food Pantry",
    "Description": "Provides a food pantry.  Pantry Hours: 3rd Tuesday of the month 3:00pm - 5:00pm",
    "Address": "102 S Exeter St\nCouncil, ID 83612",
    "Phone": "208-253-4576",
    "FoodPantriesImage": "https://www.foodpantries.org/gallery/no_photo_2.jpg"
  },
  {
    "State": "Idaho",
    "City": "Council",
    "Name": "Council Senior Citizens",
    "Description": "Provides a food pantry.  Pantry Hours: Tuesday, Wednesday and Friday 8:00am - 3:0pm",
    "Address": "103 S Main Street\nCouncil, ID 83612",
    "Phone": "208-253-4282",
    "FoodPantriesImage": "https://www.foodpantries.org/gallery/no_photo_2.jpg"
  },
  {
    "State": "Idaho",
    "City": "Deary",
    "Name": "Adventist Community Services",
    "Description": "Provides a food pantry.  Pantry Hours: Tuesday and Thursday 10:00am - 3:00pm",
    "Address": "405 Main St\nDeary, ID 83823",
    "Phone": "208-877-7414",
    "FoodPantriesImage": "https://www.foodpantries.org/gallery/no_photo_7.jpg"
  },
  {
    "State": "Idaho",
    "City": "Driggs",
    "Name": "Teton Valley ",
    "Description": "Provides a food pantry.  Pantry hours: Wednesday6:00pm - 7:30pm",
    "Address": "341 N. 1st Street E.\nDriggs, ID 83422",
    "Phone": "208-399-2020",
    "FoodPantriesImage": "https://www.foodpantries.org/gallery/25578_teton_valley_rotary_83414_nln.jpg"
  },
  {
    "State": "Idaho",
    "City": "Downey",
    "Name": "Marsh Valley Senior Citizens",
    "Description": "Provides a food pantry.  Pantry Hours: Mondays - Thursday 9:00am - 3:00pm Tuesday - Thursday12:00pm",
    "Address": "21 S Main St\nDowney, ID 83234",
    "Phone": "208-897-5351",
    "FoodPantriesImage": "https://www.foodpantries.org/gallery/no_photo_10.jpg"
  },
  {
    "State": "Idaho",
    "City": "Eagle",
    "Name": "Hope Lutheran Church",
    "Description": "Provides a food pantry.  Pantry hours: Mondays through Wednesdays 10:00am -1:00pm",
    "Address": "331 N Linder Rd\nEagle, ID 83672",
    "Phone": "208-939-9181",
    "FoodPantriesImage": "https://www.foodpantries.org/gallery/25510_hope_lutheran_church_83672_hhk.jpg"
  },
  {
    "State": "Idaho",
    "City": "Emmett",
    "Name": "WICAP-Emmettt",
    "Description": "Provides a food pantry.  Pantry Hours: Monday - Friday 8:00am - 5:00pmEmergency food is available at our Community Action Centers.  \r\nEligibility is based on immediate need.  A food box is made up of \r\na variety of food to give the customer a three-day supply, which is made\r\n up according to the number in the household.  Some types of \r\nfood are United States",
    "Address": "213 E Main St.\nEmmett, ID 83617",
    "Phone": "208-365-3116",
    "FoodPantriesImage": "https://www.foodpantries.org/gallery/25596_wicap-emmettt_83611_mir.jpg"
  },
  {
    "State": "Idaho",
    "City": "Emmett",
    "Name": "Valley Christian Assembly",
    "Description": "Provides a food pantry.  Pantry Hours: Sunday and Wednesday",
    "Address": "9553 Hwy 52\nEmmett, ID 83638",
    "Phone": "208-365-2180",
    "FoodPantriesImage": "https://www.foodpantries.org/gallery/no_photo_10.jpg"
  },
  {
    "State": "Idaho",
    "City": "Emmett",
    "Name": "Gem County Senior Citizen Center",
    "Description": "Provides a food pantry.  Pantry Hours: Monday - Friday12:00pm on site, 10:00am M.O.W.",
    "Address": "719 S Johns Ave\nEmmett, ID 83617",
    "Phone": "208-365-4343",
    "FoodPantriesImage": "https://www.foodpantries.org/gallery/no_photo_10.jpg"
  },
  {
    "State": "Idaho",
    "City": "Emmett",
    "Name": "Emmett Valley Friendship Coalition",
    "Description": "&nbsp;Pantry Hours: Tuesday 3:15pm - 6:00 pmThe Emmett Valley Friendship Coalition is a non-profit group of \r\nvolunteers who work to help others in Gem County.  Programs include a \r\nweekly dinner, pantry and the Christmas Cheer food baskets and toy \r\ndistribution.",
    "Address": "1500 E Locust\nEmmett, ID 83617",
    "Phone": "208-369-7915",
    "FoodPantriesImage": "https://www.foodpantries.org/gallery/25481_emmett_valley_friendship_coalition_83617_upf.jpg"
  },
  {
    "State": "Idaho",
    "City": "Filer",
    "Name": "Lighthouse Pentecostal Church of God",
    "Description": "Provides a food pantry.  Pantry Hours: Monday-Saturday: On Call",
    "Address": "504 5th St\nFiler, ID 83328",
    "Phone": "208-543-4647",
    "FoodPantriesImage": "https://www.foodpantries.org/gallery/no_photo_5.jpg"
  },
  {
    "State": "Idaho",
    "City": "Fruitland",
    "Name": "West Valley Free Methodist Food Pantry",
    "Description": "Food Pantry is only open the 2nd, 3rd &amp; 4th WEDNESDAY of the month. Our hours are 10:00 a.m. to 4:00 p.m.&nbsp;&nbsp;",
    "Address": "100 E 1st Street\nFruitland, ID 83619",
    "Phone": "(208) 452-3460",
    "FoodPantriesImage": "https://www.foodpantries.org/gallery/no_photo_8.jpg"
  },
  {
    "State": "Idaho",
    "City": "Fruitland",
    "Name": "Highway Assembly of God",
    "Description": "Provides a food pantry.  Pantry Hours: 3rd Monday of the month 10:00am - 1:00pm",
    "Address": "100 S Whitley Dr.\nFruitland, ID 83619",
    "Phone": "208-452-3437",
    "FoodPantriesImage": "https://www.foodpantries.org/gallery/25508_highway_assembly_of_god_83611_yby.png"
  },
  {
    "State": "Idaho",
    "City": "Garden City",
    "Name": "El-Ada - Garden City",
    "Description": "Provides a food pantry.  Pantry Hours: Monday - Friday 8:30am - 4:00pm",
    "Address": "701 E 44th St\nGarden City, ID 83714",
    "Phone": "208-377-0700",
    "FoodPantriesImage": "https://www.foodpantries.org/gallery/25477_el-ada_garden_city_83672_byg.png"
  },
  {
    "State": "Idaho",
    "City": "Garden City",
    "Name": " Vineyard Boise",
    "Description": "Provides a food pantry.  Pantry Hours:Wednesday10:00am - 12:00pmSaturday10:00am - 12:00pm",
    "Address": "4950 N Bradley Street\nGarden City, ID 83672",
    "Phone": "208-377-1477",
    "FoodPantriesImage": "https://www.foodpantries.org/gallery/25460_boise_vineyard_83672_cru.jpg"
  },
  {
    "State": "Idaho",
    "City": "Garden Valley",
    "Name": "Garden Valley Senior Center",
    "Description": "Provides a food pantry.  Pantry hours: Tuesday 6:00pm - 7:00pm Thursday 9:30am and 6:00pm - 7:00pm",
    "Address": "261 S Middlefork Rd.\nGarden Valley, ID 83622",
    "Phone": "208-462-3943",
    "FoodPantriesImage": "https://www.foodpantries.org/gallery/25491_garden_valley_senior_center_83622_ffx.jpg"
  },
  {
    "State": "Idaho",
    "City": "Garden Valley",
    "Name": "Crouch Community Church",
    "Description": "Provides a food pantry.  Pantry Hours: On Call",
    "Address": "8 One Way Circle\nGarden Valley, ID 83611",
    "Phone": "208-462-3313",
    "FoodPantriesImage": "https://www.foodpantries.org/gallery/no_photo_8.jpg"
  },
  {
    "State": "Idaho",
    "City": "Glenns Ferry",
    "Name": "Three Island Senior Center",
    "Description": "Provides a food pantry.  Pantry Hours:Open 2nd full week every month onMonday, Tuesday and Thursday9:00am - 11:00am By appointment/On call",
    "Address": "492 E Cleveland\nGlenns Ferry, ID 83623",
    "Phone": "208-366-2051",
    "FoodPantriesImage": "https://www.foodpantries.org/gallery/no_photo_10.jpg"
  },
  {
    "State": "Idaho",
    "City": "Gooding",
    "Name": "Helping Hearts and Hands",
    "Description": "Provides a food pantry.  Our monthly food boxes contain the essentials for a family's nutritional needs.&nbsp; The boxes are packed based on the size of the household and distributed monthly to those in need. Pantry Hours: Monday10:00am - 2:45pmTuesday11:00am - 1:45pmWednesday10:00 - 2:45pmThursday11:00am - 1:45pmFriday 11:00a",
    "Address": "237 Main Street\nGooding, ID 83330",
    "Phone": "208-934-5101",
    "FoodPantriesImage": "https://www.foodpantries.org/gallery/25506_helping_hearts_and_hands_83611_hon.jpg"
  },
  {
    "State": "Idaho",
    "City": "Gooding",
    "Name": "Gooding County Senior Citizens",
    "Description": "Provides a food pantry.  Pantry Hours:Monday, Wednesday and Thursday 8:30am - 4:00pmSuggested donation is $3.50.",
    "Address": "308 Senior Ave\nGooding, ID 83330",
    "Phone": "208-934-5504",
    "FoodPantriesImage": "https://www.foodpantries.org/gallery/no_photo_8.jpg"
  },
  {
    "State": "Idaho",
    "City": "Gooding",
    "Name": "Helping Hearts & Hands ",
    "Description": "Provides food pantry. For more information, please call.",
    "Address": "237 Main Street\nGooding, ID 83330",
    "Phone": "208-934-5101",
    "FoodPantriesImage": "https://www.foodpantries.org/gallery/no_photo_2.jpg"
  },
  {
    "State": "Idaho",
    "City": "Grand View",
    "Name": "Rimrock Community Foodbank",
    "Description": "Provides a food pantry.  Pantry Hours: 2nd and 4th Saturday every month 9:00am - 11:00am",
    "Address": "630 Idaho Street\nGrand View, ID 83624",
    "Phone": "208-834-2639",
    "FoodPantriesImage": "https://www.foodpantries.org/gallery/no_photo_6.jpg"
  },
  {
    "State": "Idaho",
    "City": "Grand View",
    "Name": "Rimrock Senior Center",
    "Description": "Provides a food pantry.  Pantry Hours: Tuesday 10:00am - 7:00pm Thursday 9:00am - 2:00pm",
    "Address": "525 Main St\nGrand View, ID 83624",
    "Phone": "208-350-7359",
    "FoodPantriesImage": "https://www.foodpantries.org/gallery/no_photo_7.jpg"
  },
  {
    "State": "Idaho",
    "City": "Grangeville",
    "Name": "Idaho County Food Bank",
    "Description": "For more information, please call.",
    "Address": "320 NW 6th Street\nGrangeville, ID 83530",
    "Phone": "(208) 983-6114",
    "FoodPantriesImage": "https://www.foodpantries.org/gallery/no_photo_5.jpg"
  },
  {
    "State": "Idaho",
    "City": "Grangeville",
    "Name": "Community Action Partnership",
    "Description": "",
    "Address": "117 W. North St.\nGrangeville, ID 83530",
    "Phone": "(208) 983-0437",
    "FoodPantriesImage": "https://www.foodpantries.org/gallery/no_photo_1.jpg"
  },
  {
    "State": "Idaho",
    "City": "Grangeville",
    "Name": "Opportunities Unlimited and Grangeville",
    "Description": "Provides a food pantry.  Pantry Hours: Monday-Friday 8:00pm - 5:00pm",
    "Address": "405 E Main Street\nGrangeville, ID 83530",
    "Phone": "208-983-0309",
    "FoodPantriesImage": "https://www.foodpantries.org/gallery/25544_opportunities_unlimited_and_grangeville_83530_ivn.jpg"
  },
  {
    "State": "Idaho",
    "City": "Grangeville",
    "Name": "Idaho County Foodbank",
    "Description": "Provides a food pantry.  Pantry Hours: Monday- Friday 9:00am - 4:00pm",
    "Address": "113 W North St\nGrangeville, ID 83530",
    "Phone": "208-983-6114",
    "FoodPantriesImage": "https://www.foodpantries.org/gallery/no_photo_8.jpg"
  },
  {
    "State": "Idaho",
    "City": "Greenleaf",
    "Name": "Greenleaf Friends Church",
    "Description": "Provides a food pantry.  Pantry Hours: By appointment only once a month",
    "Address": "20535 N Academy Rd.\nGreenleaf, ID 83672",
    "Phone": "208-459-3896",
    "FoodPantriesImage": "https://www.foodpantries.org/gallery/no_photo_4.jpg"
  },
  {
    "State": "Idaho",
    "City": "Hagerman",
    "Name": "Hagerman Christian Center",
    "Description": "Provides a food pantry.  Pantry Hours: Tuesday - Friday9:00am - 1:00pm, as needed",
    "Address": "2750 S 900 E\nHagerman, ID 83332",
    "Phone": "208-837-6140",
    "FoodPantriesImage": "https://www.foodpantries.org/gallery/25500_hagerman_christian_center_83672_zog.png"
  },
  {
    "State": "Idaho",
    "City": "Hagerman",
    "Name": "Hagerman Valley Senior and Community Center",
    "Description": "Provides a food pantry.  Lunch Hours: Monday, Wednesday and Friday 12:00pm - 12:30pmMembership is free but does require a form specified by the Office 0n Aging.&nbsp; Once completed, the noon meal is slightly subsidized by the Office On Aging.&nbsp; Members are asked to donate $5.00 per meal, guests and visitors are $6.00.",
    "Address": "140 E Lake St\nHagerman, ID 83332",
    "Phone": "208-837-6120",
    "FoodPantriesImage": "https://www.foodpantries.org/gallery/no_photo_7.jpg"
  },
  {
    "State": "Idaho",
    "City": "Homedale",
    "Name": "Homedale Senior Citizens Center",
    "Description": "Provides a food pantry.  Pantry Hours: Tuesday - Thursday 11:30am - 1:00pm",
    "Address": "224 W Idaho Ave.\nHomedale, ID 83628",
    "Phone": "208-337-3020",
    "FoodPantriesImage": "https://www.foodpantries.org/gallery/no_photo_2.jpg"
  },
  {
    "State": "Idaho",
    "City": "Homedale",
    "Name": "El-Ada-Homedale",
    "Description": "Households may utilize the food pantry once every 60 days. Food boxes typically provide 2-4 days worth of food. Garden seeds may also be available in the springtime (Limited availability).Pantry Hours: Monday - Friday 8:30am - 4:00pm",
    "Address": "15 W Colorado Ave.\nHomedale, ID 83638",
    "Phone": "208-337-4812",
    "FoodPantriesImage": "https://www.foodpantries.org/gallery/25479_el-ada-homedale_83638_hsz.png"
  },
  {
    "State": "Idaho",
    "City": "Horseshoe Bend",
    "Name": "Horseshoe Bend Community Pantry",
    "Description": "Provides a food pantry.  Pantry Hours: 2nd and 4th Fridays of the month 1:00pm - 3:00pm",
    "Address": "398 School Dr.\nHorseshoe Bend, ID 83672",
    "Phone": "(208) 781-0219",
    "FoodPantriesImage": "https://www.foodpantries.org/gallery/25511_horseshoe_bend_community_pantry_83672_nel.jpg"
  },
  {
    "State": "Idaho",
    "City": "Idaho City",
    "Name": "Boise Basin Senior Center",
    "Description": "Provides a food pantry.  Pantry Hours: Tuesday through Thursday 8:00am - 6:00pm",
    "Address": "102 Bear Run Rd.\nIdaho City, ID 83631",
    "Phone": "208-392-4918",
    "FoodPantriesImage": "https://www.foodpantries.org/gallery/25458_boise_basin_senior_center_83631_hkc.jpg"
  },
  {
    "State": "Idaho",
    "City": "Idaho Falls",
    "Name": "Cornerstone Pentecostal Church ",
    "Description": "Hours:Every Thursday 10:30am -11am. Donations of bakery and deli from a local grocery store. Food drive items and monthly USDA ( low income requirements for USDA only)\r\n\r\n",
    "Address": "793 Cleveland St\nIdaho Falls, ID 83401",
    "Phone": "208-529-1066",
    "FoodPantriesImage": "https://www.foodpantries.org/gallery/36898_cornerstone-pentecostal-church_ept.jpg"
  },
  {
    "State": "Idaho",
    "City": "Idaho Falls",
    "Name": "Salvation Army Idaho Falls",
    "Description": "Provides a food pantry.  The Salvation Army Client Choice Food Pantry hours are Monday, Tuesday, Thursday, Friday from 10:30 a.m. to 1:30 p.m.",
    "Address": "605 N Blvd\nIdaho Falls, ID 83402",
    "Phone": "208-522-7200",
    "FoodPantriesImage": "https://www.foodpantries.org/gallery/no_photo_3.jpg"
  },
  {
    "State": "Idaho",
    "City": "Idaho Falls",
    "Name": "Falls Baptist Church",
    "Description": "Provides a food pantry.  Pantry Hours: 1st Full weekend 1:30pm - 4:30pmSaturday9:00pm - 11:00pm",
    "Address": "6070 15th E\nIdaho Falls, ID 83404",
    "Phone": "208-524-0900",
    "FoodPantriesImage": "https://www.foodpantries.org/gallery/no_photo_8.jpg"
  },
  {
    "State": "Idaho",
    "City": "Idaho Falls",
    "Name": "St Vicent de Paul-Idaho Falls",
    "Description": "Provides a food pantry.  Call for hours.",
    "Address": "433 May St.\nIdaho Falls, ID 83401",
    "Phone": "208-522-6280",
    "FoodPantriesImage": "https://www.foodpantries.org/gallery/no_photo_6.jpg"
  },
  {
    "State": "Idaho",
    "City": "Idaho Falls",
    "Name": "Idaho Falls Community Foodbank",
    "Description": "Provides a food pantry.  Food Distribution Hours: (excludes all major holidays)Monday3:00pm - 5:00pmTuesday - Friday4:00pm - 5:00pmThird Saturday of every month from 10:00am - 12:00pmLow-Mobility Hours* 2nd Tuesday  1:00pm - 3:00pm*(includes caseworkers and caregivers on behalf of a client)",
    "Address": "245 N Placer Ave\nIdaho Falls, ID 83402",
    "Phone": "208-524-9935",
    "FoodPantriesImage": "https://www.foodpantries.org/gallery/25514_idaho_falls_community_foodbank_83402_blu.png"
  },
  {
    "State": "Idaho",
    "City": "Jerome",
    "Name": "Martha and Mary Food Pantry",
    "Description": "Hours:\r\n\r\nMonday 3:00pm - 5:00pm\r\nWednesday 5:00pm - 7:00pm\r\nFriday 1:00pm - 3:00pm\r\n\r\nThe Jerome Community Kitchen and Martha &amp; Mary's Food Pantry provide hot meals and food for those in need within the community of Jerome, Idaho.\r\nEvery Monday &amp; Wednesday evening for the past 20 years, Saint Jerome's Catholic Church has opened i",
    "Address": "212 3rd Ave E.\nJerome, ID 83338",
    "Phone": "208-324-1445",
    "FoodPantriesImage": "https://www.foodpantries.org/gallery/33014_martha-and-mary-food-pantry_anb.jpg"
  },
  {
    "State": "Idaho",
    "City": "Kamiah",
    "Name": "Kamiah Food Bank",
    "Description": "Provides a food pantry.  Pantry Hours: 2nd Thursday 10:00am - 12:00pmThursday10:00am - 12:00pm",
    "Address": "4224 Hwy 12\nKamiah, ID 83536",
    "Phone": "208-816-6644",
    "FoodPantriesImage": "https://www.foodpantries.org/gallery/25518_kamiah_food_bank_83536_skc.jpg"
  },
  {
    "State": "Idaho",
    "City": "Kimberly",
    "Name": "Rock Creek Food Pantry",
    "Description": "Rock Creek Food Pantry Days/Hours of DistributionFirst&nbsp;Tuesday of the Month&nbsp;4:30&nbsp;P.M to 7:00&nbsp;P.M.&nbsp;Third Tuesday of the Month4:30 PM to 7:00 PMAppointments&nbsp;from 4:30-",
    "Address": "325 1/2 Madison St.  P.O. Box 834\nKimberly, ID 83341",
    "Phone": "208-212-0787",
    "FoodPantriesImage": "https://www.foodpantries.org/gallery/no_photo_8.jpg"
  },
  {
    "State": "Idaho",
    "City": "Kuna",
    "Name": "Kuna Community Food Bank",
    "Description": "Provides a food pantry.  Pantry Hours: By appointmentTo Donate:To donate money, please mail your check to:Kuna Food Bank, P.O. Box 17, Kuna ID 83634.&nbsp;You can also drop your food in the Troop 181 Food Bin at Albertson's Foods in Kuna.",
    "Address": "260 W 4th St\nKuna, ID 83634",
    "Phone": "208-922-4745",
    "FoodPantriesImage": "https://www.foodpantries.org/gallery/25519_kuna_community_food_bank_83638_szi.jpg"
  },
  {
    "State": "Idaho",
    "City": "Lapwai",
    "Name": "Tribe Emegency Foodbank",
    "Description": "Provides a food pantry.  Pantry Hours: Monday - Friday 8:30am - 1:00pm&nbsp; and 1:00pm -4:00pm",
    "Address": "107 Lolo Street\nLapwai, ID 83540",
    "Phone": "208-843-7305",
    "FoodPantriesImage": "https://www.foodpantries.org/gallery/no_photo_8.jpg"
  },
  {
    "State": "Idaho",
    "City": "Lava Hot Springs",
    "Name": "Lava Hot Springs Senior Center",
    "Description": "Provides a food pantry.  Pantry Hours: Monday, Wednesdays and Friday8:00am - 2:00pm",
    "Address": "150 N Center Street\nLava Hot Springs, ID 83246",
    "Phone": "208-776-5569",
    "FoodPantriesImage": "https://www.foodpantries.org/gallery/25520_lava_senior_center_83246_tbb.jpg"
  },
  {
    "State": "Idaho",
    "City": "Lewiston",
    "Name": "Valley Christian Center",
    "Description": "Provides a food pantry.  Pantry Hours: Tuesday and Wednesday9:30am - 3:00pmFamilies are limited to one box per month.",
    "Address": "3215 Echo Hills Dr\nLewiston, ID 83501",
    "Phone": "208-746-0401",
    "FoodPantriesImage": "https://www.foodpantries.org/gallery/25587_valley_christian_center_83501_kxz.png"
  },
  {
    "State": "Idaho",
    "City": "Lewiston",
    "Name": "Community Action Food Bank",
    "Description": "Provides a food pantry.  Pantry Hours: Monday - Friday9:00am - 4:00pm",
    "Address": "124 New 6th Street\nLewiston, ID 83501",
    "Phone": "208-746-3351",
    "FoodPantriesImage": "https://www.foodpantries.org/gallery/no_photo_3.jpg"
  },
  {
    "State": "Idaho",
    "City": "Lewiston",
    "Name": "Blessed Hope Assembly of God",
    "Description": "Provides a food pantry.  Pantry Hours: Tuesday through Thursday 10:00am - 2:00pm",
    "Address": "1033 Burrell Ave\nLewiston, ID 83501",
    "Phone": "208-743-4874",
    "FoodPantriesImage": "https://www.foodpantries.org/gallery/no_photo_3.jpg"
  },
  {
    "State": "Idaho",
    "City": "Marsing",
    "Name": "Vision Bible Church of God",
    "Description": "Provides a food pantry.  Pantry Hours: Thursday2:00pm - 4:00pm",
    "Address": "221 Main Street\nMarsing, ID 83638",
    "Phone": "208-697-1779",
    "FoodPantriesImage": "https://www.foodpantries.org/gallery/no_photo_6.jpg"
  },
  {
    "State": "Idaho",
    "City": "Marsing",
    "Name": "Marsing Assembly of God",
    "Description": "Provides a food pantry.  Pantry Hours: 3rd Thursday of the month 3:00pm - 4:00pmFor more information, please call",
    "Address": "139 Kerry St\nMarsing, ID 83611",
    "Phone": "208-965-1650",
    "FoodPantriesImage": "https://www.foodpantries.org/gallery/no_photo_2.jpg"
  },
  {
    "State": "Idaho",
    "City": "McCall",
    "Name": "Heartland Hunger Resource Center",
    "Description": "Provides a food pantry.  Pantry Hours: Wednesday4:30pm - 6:30pm Saturday 10:00am - 12:00pm",
    "Address": "163 Thula Bldg 3 Space 5\nMcCall, ID 83638",
    "Phone": "208-870-3724",
    "FoodPantriesImage": "https://www.foodpantries.org/gallery/no_photo_1.jpg"
  },
  {
    "State": "Idaho",
    "City": "Melba",
    "Name": "Melba Valley Senior Center",
    "Description": "Provides a food pantry.  Pantry Hours: Tuesday 7:00 - 11:30am Thursday8:00am - 4:00pm",
    "Address": "115 Base Line Rd\nMelba, ID 83641",
    "Phone": "208-495-2168",
    "FoodPantriesImage": "https://www.foodpantries.org/gallery/25529_melba_valley_senior_center_83641_poh.jpg"
  },
  {
    "State": "Idaho",
    "City": "Meridian",
    "Name": "Sulamita Evangelical Church",
    "Description": "Provides a food pantry. Pantry Hours: Second and forth Saturday each month, holiday hours may vary.10:00am - 12:00pm ",
    "Address": "1021 W 8th Street\nMeridian, ID 83672",
    "Phone": "208-585-4803",
    "FoodPantriesImage": "https://www.foodpantries.org/gallery/no_photo_10.jpg"
  },
  {
    "State": "Idaho",
    "City": "Meridian",
    "Name": "St Vincent de Paul-Holy Apostles",
    "Description": "Provides a food pantry.  Pantry Hours: Monday, Wednesday and Friday 1:00pm - 4:00pm Thursday 5:30pm - 7:00pm",
    "Address": "6300 N Meridian Rd\nMeridian, ID 83646",
    "Phone": "208-888-1182",
    "FoodPantriesImage": "https://www.foodpantries.org/gallery/25573_st_vincent_de_paul-holy_apostles_83611_ybf.jpg"
  },
  {
    "State": "Idaho",
    "City": "Meridian",
    "Name": "Meridian United Methodist Church",
    "Description": "Provides a food pantry.  Pantry Hours: Last Wednesday of month 6:00pm - 7:00pm",
    "Address": "240 E Idaho Ave.\nMeridian, ID 83642",
    "Phone": "(208) 888-2245",
    "FoodPantriesImage": "https://www.foodpantries.org/gallery/25531_meridian_united_methodist_church_83642_eej.jpg"
  },
  {
    "State": "Idaho",
    "City": "Meridian",
    "Name": "Meridian Food Bank",
    "Description": "We provide food baskets to our neighbors who seek emergency food assistance. Please come to our facility no later than one hour before closing during our hours of operation.&nbsp;Pantry hours: Monday: 12:00 noon to 6:00pmWednesday: 12:00 noon to 6:00pmThursday: 12:00pm - 4:00pmREQUIREMENTS:Photo IDProof of current address (such as a utility bil",
    "Address": "133 W. Broadway Ave.\nMeridian, ID 83642",
    "Phone": "208-888-5102",
    "FoodPantriesImage": "https://www.foodpantries.org/gallery/25530_meridian_food_bank_83611_dfj.jpg"
  },
  {
    "State": "Idaho",
    "City": "Middleton",
    "Name": "Middleton Food Pantry",
    "Description": "Food Pantry Hours:Saturdays10:30am to 12:30pmFood items can be dropped off at our building.Hours:Saturdays10:30am - 12:30pm Or by making special arrangements with our volunteers for another time. Contact Jane Lemison or Gwynne for more information.If your group or organization would be willing to do a food drive, please contac",
    "Address": "307 East 1st Street\nMiddleton, ID 83644",
    "Phone": "208-585-3748",
    "FoodPantriesImage": "https://www.foodpantries.org/gallery/25532_middleton_food_bank_83611_fsa.jpg"
  },
  {
    "State": "Idaho",
    "City": "Middleton",
    "Name": "Middleton Idaho Food Bank",
    "Description": "Location: basement of the Middleton Bible Church. Hours: Monday, Wednesday and Friday12:00pm - 1:00pm&nbsp; One food box a month but can come once a week any open day for fresh produce.When calling: Leave a message if no answer with name, number in family and return phone number.Mailing address is PO Box 822 Middleton Id 83644. We average 150 (approximat",
    "Address": "4East 1st Street North\nMiddleton, ID 83644",
    "Phone": "(208) 585-6634",
    "FoodPantriesImage": "https://www.foodpantries.org/gallery/35912_id_middleton-idaho-food-bank_tvd.jpg"
  },
  {
    "State": "Idaho",
    "City": "Moscow",
    "Name": "St Mary's Church on Moscow Food Pantry",
    "Description": "The Moscow Food Bank is adjacent to the church. Please use the rear entrance accessible by parking in the St. Mary's Parish Center parking lot. The Food Bank Hours:Tuesday through Friday\r\n2:00pm to 4:00pm\r\nThe Food Bank is hosted by St. Mary's Parish, which owns and maintains the facilities. Many members of our parish volunteer regularly, as well as many others ",
    "Address": "110 N. Polk\nMoscow, ID 83843",
    "Phone": "(208) 882-4813",
    "FoodPantriesImage": "https://www.foodpantries.org/gallery/32804_id-st_marys_church_on_moscow_food_pantry_zzx.png"
  },
  {
    "State": "Idaho",
    "City": "Mountain Home",
    "Name": "Grace Lutheran",
    "Description": "Provides a food pantry.  Pantry Hours: 3rd Wednesday 5:00pm - 7:00pm",
    "Address": "2422 American Legion Blvd\nMountain Home, ID 83638",
    "Phone": "208-587-4513",
    "FoodPantriesImage": "https://www.foodpantries.org/gallery/25497_grace_lutheran_83638_gys.jpg"
  },
  {
    "State": "Idaho",
    "City": "Nampa",
    "Name": "Salvation Army Nampa",
    "Description": "Provides a food pantry.Pantry Hours:Monday through Thursday10:00am - 2:00pmFridayBread Only",
    "Address": "403 12th Ave S\nNampa, ID 83638",
    "Phone": "(208) 467-6586",
    "FoodPantriesImage": "https://www.foodpantries.org/gallery/25561_salvation_army-nampa_83638_fcb.jpg"
  },
  {
    "State": "Idaho",
    "City": "Nampa",
    "Name": "Seventh Day Adventist-Nampa",
    "Description": "Provides a food pantry.  Pantry Hours: Wednesday12:00pm - 4:00pm",
    "Address": "307 W Iowa Ave\nNampa, ID 83638",
    "Phone": "208-466-5758",
    "FoodPantriesImage": "https://www.foodpantries.org/gallery/25566_seventh_day_adventist-nampa_83638_lvc.jpg"
  },
  {
    "State": "Idaho",
    "City": "Nampa",
    "Name": "Harvest Life Church",
    "Description": "HLC provides a food pantry that is open after our regular weekly services. Food boxes are provided free of charge to those in need. If you have a heart to meet the needs of others, then join us as we serve our fellow brothers and sisters in a very real way.For more information, please call.",
    "Address": "11437 W. Orchard Ave\nNampa, ID 83651",
    "Phone": "(208) 465-7327",
    "FoodPantriesImage": "https://www.foodpantries.org/gallery/25502_harvest_life_church_83638_ecd.jpg"
  },
  {
    "State": "Idaho",
    "City": "Nampa",
    "Name": "Nampa First Church of the Nazarene",
    "Description": "Provides a food pantry. Pantry hours:Tuesday and Thursday1:00pm - 4:00pmSaturday 1:00pm - 3:00pm",
    "Address": "1524 6th Street S\nNampa, ID 83651",
    "Phone": "(208) 466-3549",
    "FoodPantriesImage": "https://www.foodpantries.org/gallery/25487_first_church_nazarene_83651_gny.png"
  },
  {
    "State": "Idaho",
    "City": "Nampa",
    "Name": "12 Baskets Food Pantry",
    "Description": "This Emergency Foodbank is operated by volunteers from the Vineyard Christian Fellowship.Hours:Wednesday and Friday12:00pm - 2:00pmDirections: heading west on Lone Star, cross Middleton, drive past six houses, turn right on Nana lane (a sign says Vineyard Christian Fellowship) drive down to red building on left.Please bring ID.  Recipients may come o",
    "Address": "11220 Lone Star Road\nNampa, ID 83651",
    "Phone": "208-546-5896",
    "FoodPantriesImage": "https://www.foodpantries.org/gallery/32976_12-baskets-food-pantry_ugp.png"
  },
  {
    "State": "Idaho",
    "City": "New Meadows",
    "Name": "New Meadows Food Bank",
    "Description": "Provides a food pantry.  Pantry Hours: 1st Saturday after the 1st Wednesday every month 10:00an - 12pm and on call",
    "Address": "201 N Heigho\nNew Meadows, ID 83654",
    "Phone": "208-347-4944",
    "FoodPantriesImage": "https://www.foodpantries.org/gallery/no_photo_10.jpg"
  },
  {
    "State": "Idaho",
    "City": "New Plymouth",
    "Name": "New Plymouth Assembly of God",
    "Description": "Provides a food pantry.  Pantry Hours: Tuesday1:00pm - 4pmFriday1:00pm - 4:00pm",
    "Address": "4025 Highway 30 W\nNew Plymouth, ID 83655",
    "Phone": "208-278-5711",
    "FoodPantriesImage": "https://www.foodpantries.org/gallery/25541_new_plymouth_assembly_of_god_83672_xlt.jpg"
  },
  {
    "State": "Idaho",
    "City": "Payette",
    "Name": "WICAP-Payette",
    "Description": "Provides a food pantry.  Pantry Hours: Monday, Wednesday and Friday9:00am - 11:30am and 1:00pm - 4:00pm ",
    "Address": "540 South 16th Street, Suite 105\nPayette, ID 83661",
    "Phone": "208-642-4436",
    "FoodPantriesImage": "https://www.foodpantries.org/gallery/25597_wicap-payette_83611_awq.png"
  },
  {
    "State": "Idaho",
    "City": "Payette",
    "Name": "WICAP-Weiser",
    "Description": "Provides a food pantry.  Pantry Hours: Monday - Friday 8:00am - 5:00pm",
    "Address": "315 S Main St\nPayette, ID 83672",
    "Phone": "208-642-9086",
    "FoodPantriesImage": "https://www.foodpantries.org/gallery/25598_wicap-weiser_83672_grk.jpg"
  },
  {
    "State": "Idaho",
    "City": "Payette",
    "Name": "Payette Christian Church",
    "Description": "Provides a food pantry.  Pantry Hours: Monday5:00pm - 7:00 Saturday 2:00pm - 4:00pm",
    "Address": "906 2nd Ave N\nPayette, ID 83661",
    "Phone": "208-642-2959",
    "FoodPantriesImage": "https://www.foodpantries.org/gallery/25550_payette_christian_church_83661_alj.jpg"
  },
  {
    "State": "Idaho",
    "City": "Pocatello",
    "Name": "Idaho Food Bank Pocatello Branch",
    "Description": "The Idaho Foodbank is a nonprofit working together with over 200 local agencies to end hunger in Idaho. The Idaho Foodbank provides food, information, and supportive services to hungry people&nbsp;",
    "Address": "555 South 1st Avenue\nPocatello, ID 83201",
    "Phone": "(208) 233-8811",
    "FoodPantriesImage": "https://www.foodpantries.org/gallery/613_idaho-food-bank-warehouse_szt.png"
  },
  {
    "State": "Idaho",
    "City": "Pocatello",
    "Name": "Salvation Army-Pocatello",
    "Description": "Provides a food pantry.  Pantry Hours: Monday - Friday1:00pm - 4:00pm",
    "Address": "400 N 4th Ave\nPocatello, ID 83201",
    "Phone": "208-232-5318",
    "FoodPantriesImage": "https://www.foodpantries.org/gallery/25562_salvation_army-pocatello_83201_ckp.png"
  },
  {
    "State": "Idaho",
    "City": "Pocatello",
    "Name": "St Vincent de Paul-Pocatello",
    "Description": "Provides a food pantry.  Pantry Hours: Wednesday 10:00am - 1:00pm",
    "Address": "855 S 2nd Ave\nPocatello, ID 83201",
    "Phone": "208-233-2555",
    "FoodPantriesImage": "https://www.foodpantries.org/gallery/25575_st_vincent_de_paul-pocatello_83201_dvo.gif"
  },
  {
    "State": "Idaho",
    "City": "Pocatello",
    "Name": "Pantry Aid For Friends",
    "Description": "Provides a food pantry.  Pantry Hours: Monday-Friday 1:00pm - 4:00pm",
    "Address": "653 S 4th Ave\nPocatello, ID 83201",
    "Phone": "208-232-5669",
    "FoodPantriesImage": "https://www.foodpantries.org/gallery/25548_pantry_aid_for_friends_83201_qlt.jpg"
  },
  {
    "State": "Idaho",
    "City": "Pocatello",
    "Name": "God's Home of Compassion",
    "Description": "Provides a food pantry.  Pantry Hours: Tuesday - Thursday 9:00am - 12:00pm",
    "Address": "845 Hyde Ave\nPocatello, ID 83201",
    "Phone": "208-236-0075",
    "FoodPantriesImage": "https://www.foodpantries.org/gallery/25494_gods_home_of_compassion_83201_gts.png"
  },
  {
    "State": "Idaho",
    "City": "Pocatello",
    "Name": "Faith Lutheran - Food Pantry",
    "Description": "Provides a food pantry.  Pantry Hours: 2nd and 4th Saturday10:00am - 1:00pm",
    "Address": "856 W Eldredge Rd\nPocatello, ID 83201",
    "Phone": "208-237-2391",
    "FoodPantriesImage": "https://www.foodpantries.org/gallery/no_photo_2.jpg"
  },
  {
    "State": "Idaho",
    "City": "Pocatello",
    "Name": "First Baptist Church of Pocatello",
    "Description": "Provides a food pantry.  Pantry hours: Our food pantry hours are Thursdays ONLY from 3:30 p.m. - 7:00 p.m. ",
    "Address": "408 N Athur Ave.\nPocatello, ID 83204",
    "Phone": "208-232-6305",
    "FoodPantriesImage": "https://www.foodpantries.org/gallery/no_photo_5.jpg"
  },
  {
    "State": "Idaho",
    "City": "Rathdrum",
    "Name": "Rathdrum Food Bank",
    "Description": "For more information, please call.Hours of Operation:Monday - Thursday10:00am - 2:30pm",
    "Address": "8027 W Main St\nRathdrum, ID 83858",
    "Phone": "(208) 687-3696",
    "FoodPantriesImage": "https://www.foodpantries.org/gallery/no_photo_1.jpg"
  },
  {
    "State": "Idaho",
    "City": "Rexburg",
    "Name": "Rexburg Food Pantry - EICAP Upper Valley (Rexburg) Food Bank",
    "Description": "Hours:1st Wednesday of each month10:00am to 3:00pm.  Income eligible families may pick up one time per month.  USDA Commodities and donated food boxes distributed.  Operated by the Eastern Idaho Community Action Partnership - Rexburg Outreach office located inside the WEST entrance of the Upper Valley Industries Building nearby Artco.",
    "Address": "275 Stationery Rd. West Entrance\nRexburg, ID 83440",
    "Phone": "(208) 356-8849",
    "FoodPantriesImage": "https://www.foodpantries.org/gallery/no_photo_4.jpg"
  },
  {
    "State": "Idaho",
    "City": "Rexburg",
    "Name": "Family Crisis Center",
    "Description": "Provides a food pantry.  Enter through the back of the building, not on Main Street. The foodbank shares a parking lot with Gringo's Mexican restaurant, and people may park there.\r\n\r\nFood Bank Hours: Wednesday 12:00pm - 1:00pm",
    "Address": "16 E. Main Street\nRexburg, ID 83440",
    "Phone": "208-356-0065",
    "FoodPantriesImage": "https://www.foodpantries.org/gallery/25484_family_crisis_center_83440_gha.png"
  },
  {
    "State": "Idaho",
    "City": "Richfield",
    "Name": "Richfield Community Food Bank",
    "Description": "Hours2st and 4th Thursday of the month9:00am to 12:00pm ",
    "Address": "410 S. Main St.\nRichfield, ID 83349",
    "Phone": "208-721-1964",
    "FoodPantriesImage": "https://www.foodpantries.org/gallery/no_photo_1.jpg"
  },
  {
    "State": "Idaho",
    "City": "Saint Maries",
    "Name": "Community Action Agency",
    "Description": "Community Outreach and Assistance is the vehicle through which CAP determines clients eligibility, assesses needs and then works to meet these needs through CAP programs or through referrals to other community-based programs.For more information, please call.",
    "Address": "416 Main Ave\nSaint Maries, ID 83861",
    "Phone": "(208) 245-9090",
    "FoodPantriesImage": "https://www.foodpantries.org/gallery/938_community-action-agency_gip.jpg"
  },
  {
    "State": "Idaho",
    "City": "Salmon",
    "Name": "Salmon Assembly of God",
    "Description": "Provides a food pantry.  Pantry Hours: The 3rd Thursday of the month 5:00pm - 6:30pm",
    "Address": "510 Bulwer Street\nSalmon, ID 83467",
    "Phone": "208-756-3393",
    "FoodPantriesImage": "https://www.foodpantries.org/gallery/25556_salmon_assembly_of_god_83467_hgw.png"
  },
  {
    "State": "Idaho",
    "City": "Sandpoint",
    "Name": "Bonner Community Food Center",
    "Description": "Hours:Monday - Friday9:00am - 2:30pmNew registrants are asked to be here no later than 2:00pm.Donations will be accepted up until 3:00pm",
    "Address": "1707 Culvers Drive\nSandpoint, ID 83864",
    "Phone": "(208) 263-3663",
    "FoodPantriesImage": "https://www.foodpantries.org/gallery/625_bonner-community-food-center_cyc.jpg"
  },
  {
    "State": "Idaho",
    "City": "Shelley",
    "Name": "North Bingham Community Foodbank",
    "Description": "Provides a food pantry.  Pantry hours: Tuesday12:00pm - 2:00pm",
    "Address": "763 Aspen Ave\nShelley, ID 83274",
    "Phone": "208-881-5106",
    "FoodPantriesImage": "https://www.foodpantries.org/gallery/25542_north_bingham_community_foodbank_83274_mxc.jpg"
  },
  {
    "State": "Idaho",
    "City": "Shelley",
    "Name": "North Bingham County Ccommunity Food Bank",
    "Description": "Hours:Tuesday 12:00pm - 2:00pm\r\n\r\nFor more information, please call.",
    "Address": "180 South Holmes Avenue\nShelley, ID 83274",
    "Phone": "208-881-5106",
    "FoodPantriesImage": "https://www.foodpantries.org/gallery/no_photo_1.jpg"
  },
  {
    "State": "Idaho",
    "City": "Spirit Lake",
    "Name": "Spirit Lake Food Bank",
    "Description": "For more information, please call.",
    "Address": "32154 N 4th Ave\nSpirit Lake, ID 83869",
    "Phone": "(208) 623-3107",
    "FoodPantriesImage": "https://www.foodpantries.org/gallery/no_photo_10.jpg"
  },
  {
    "State": "Idaho",
    "City": "St Anthony",
    "Name": "Upper Valley Bible Church Food Pantry",
    "Description": "Provides a food pantry.  Pantry Hours: Monday 5:00pm - 5:30pm",
    "Address": "825 W 4th N\nSt Anthony, ID 83445",
    "Phone": "208-716-0257",
    "FoodPantriesImage": "https://www.foodpantries.org/gallery/no_photo_7.jpg"
  },
  {
    "State": "Idaho",
    "City": "Star",
    "Name": "Star Outreach Neighbors Helping Neighbors",
    "Description": "Star Outreach Food Bank Thursday 3:00pm - 5:00pm  The 3rd Thursday of the month3:00pm - 7:00pmSummer Lunch June through August\r\nRecycle Bike program\r\nCommunity Garden\r\nBack to School Drive\r\nAdopt a Family at Christmas.Twice a year, in the Fall and Spring, Star Outreach host Food Drives \r\nthroughout Star, Idaho. We place a grocery bag with ",
    "Address": "10775 W State Street\nStar, ID 83669",
    "Phone": "208-779-0046",
    "FoodPantriesImage": "https://www.foodpantries.org/gallery/36027_star-outreach-neighbors-helping-neighbors_mjq.jpg"
  },
  {
    "State": "Idaho",
    "City": "Twin Falls",
    "Name": "Salvation Army-Twin Falls",
    "Description": "Provides a food pantry.  Pantry Hours: Tuesdays through Fridays9:00am to 12:30pm",
    "Address": "348 4th Ave N\nTwin Falls, ID 83301",
    "Phone": "208-733-8720",
    "FoodPantriesImage": "https://www.foodpantries.org/gallery/25563_salvation_army-twin_falls_83301_vke.jpg"
  },
  {
    "State": "Idaho",
    "City": "Wendell",
    "Name": "Wendell Food Pantry",
    "Description": "Located in the church basement next to the youth room, the Food Pantry provides a three-day emergency supply of food to families in need who live in Wendell and Zebulon. We also work with the Social Services office at the Eastern Regional Center in Zebulon and will help any family referred to us by them, regardless of where they live.HoursThursday  4:30am - 6:00am",
    "Address": "335 East 1st Ave. E\nWendell, ID 83355",
    "Phone": "208-536-6635",
    "FoodPantriesImage": "https://www.foodpantries.org/gallery/36650_wendell_lsp.jpg"
  }
]