[
  {
    "State": "Kansas",
    "City": "Andover",
    "Name": "Andover Community Food Bank - Andover United Methodist Church",
    "Description": "Individuals in the Andover School District seeking assistance from the Food Bank can call us or just stop by between the hours listed below. Food Bank Hours\r\nTuesday10:00am - 1:00pm Wednesday3:00pm - 6:00pmOn the last Saturday of the month 10:0 am - 12:00pmTo donate to the Andover Community Food Bank, please contact the church office. We ",
    "Address": "1429 N Andover Rd\nAndover, KS 67002",
    "Phone": "316-733-1644",
    "FoodPantriesImage": "https://www.foodpantries.org/gallery/35480_andover-community-food-bank-andover-united-methodist-church_tyb.jpg"
  },
  {
    "State": "Kansas",
    "City": "Atchison",
    "Name": "Atchison County Food Pantry at First Christian Church",
    "Description": "In operation for nearly 10 years, the Atchison Community Food Pantry at First Christian Church serves people in Atchison County, Kansas. In nearly 10 years we have served nearly 10,000 families. We are housed in First Christian Church, but are an ecumenical and community based group, with volunteers from many different backgrounds. \r\nHours: Monday 1:00pm - 3:00pm Wednes",
    "Address": "301 North 7th Street\nAtchison, KS 66002",
    "Phone": "(913) 367-3036",
    "FoodPantriesImage": "https://www.foodpantries.org/gallery/36471_atchison-county-food-pantry-at-first-christian-church_jgb.jpg"
  },
  {
    "State": "Kansas",
    "City": "Baldwin City",
    "Name": "Baldwin First United Methodist Church Food Pantry",
    "Description": "Food Pantry Hours\r\nSaturday 9:00am - 12:00pm",
    "Address": "704 8th St\nBaldwin City, KS 66006",
    "Phone": "785-594-6612",
    "FoodPantriesImage": "https://www.foodpantries.org/gallery/no_photo_7.jpg"
  },
  {
    "State": "Kansas",
    "City": "Bonner Springs",
    "Name": "Vaughn-Trent Community Services, Inc.",
    "Description": "We serve residents of USD204 (Bonner Springs & Edwardsville, KS).\r\n\r\nWe have free breads and pastries M, W & F 9am-noon.\r\n\r\nFood pantries are available by appointment only.  Contact the office at 913-441-0461 to schedule an appointment Monday, Wednesday or Friday 9am-noon.",
    "Address": "246 Shadyside\nBonner Springs, KS 66012",
    "Phone": "913-441-0461",
    "FoodPantriesImage": "https://www.foodpantries.org/gallery/no_photo_3.jpg"
  },
  {
    "State": "Kansas",
    "City": "Caldwell",
    "Name": "Caldwell Community Food Bank",
    "Description": "",
    "Address": "123 N Main St\nCaldwell, KS 67022",
    "Phone": "(620) 845-2278",
    "FoodPantriesImage": "https://www.foodpantries.org/gallery/no_photo_6.jpg"
  },
  {
    "State": "Kansas",
    "City": "Chetopa",
    "Name": "Chetopa Ministerial Alliance Food Bank",
    "Description": "Pantry hours: 2nd Monday of the month from 2 - 4 pm.Walk-in for food pantry. Must fill out form with receptionist at City Office for travel voucher.",
    "Address": "1st and Maple\nChetopa, KS 67336",
    "Phone": "620-236-7501",
    "FoodPantriesImage": "https://www.foodpantries.org/gallery/no_photo_6.jpg"
  },
  {
    "State": "Kansas",
    "City": "Coffeyville",
    "Name": "First United Methodist Church Food Pantry",
    "Description": "FOOD PANTRY: we have a food pantry to supplement the emergency assistance fund and the work of Genesis and the Salvation Army.",
    "Address": "304 W 10th St\nCoffeyville, KS 67337",
    "Phone": "(620) 251-3240",
    "FoodPantriesImage": "https://www.foodpantries.org/gallery/33848_gntdxgpbii.png"
  },
  {
    "State": "Kansas",
    "City": "Colby",
    "Name": "Genesis",
    "Description": "",
    "Address": "350 S Range Ave\nColby, KS 67701",
    "Phone": "(785) 460-7930",
    "FoodPantriesImage": "https://www.foodpantries.org/gallery/no_photo_4.jpg"
  },
  {
    "State": "Kansas",
    "City": "Concordia",
    "Name": "Cloud County Food Bank - Community Resource Center",
    "Description": "Provides food from 9am - 11am on Mondays, Wednesdays, and Fridays. ",
    "Address": "107 W 7th St\nConcordia, KS 66901",
    "Phone": "785-243-1065",
    "FoodPantriesImage": "https://www.foodpantries.org/gallery/33761_ks_66901_cloud-county-food-bank-community-resource-center_hgp.jpg"
  },
  {
    "State": "Kansas",
    "City": "De Soto",
    "Name": "The De Soto Kansas Food Pantry",
    "Description": "Hours:Tuesday 10:00am - 12:00pmThursday4:00pm - 6:00pm Saturday 9:00am - 11:00amBring photo id and/or current public utility bills or school registration document. No income limits or restrictions. To help the people in our community who are experiencing financial difficulties to provide food for themselves and their families\r\n\r\nThe De Soto Food Pantry, Inc.",
    "Address": "32905 West 84th Street\nDe Soto, KS 66018",
    "Phone": "",
    "FoodPantriesImage": "https://www.foodpantries.org/gallery/35253_the-de-soto-kansas-food-pantry_nkb.png"
  },
  {
    "State": "Kansas",
    "City": "Dearning",
    "Name": "Dearing Christian Church Food Assistance",
    "Description": "Must call for an appointment for food assistance. ",
    "Address": "302 S Independence St\nDearning, KS 67340",
    "Phone": "620-948-3954",
    "FoodPantriesImage": "https://www.foodpantries.org/gallery/no_photo_3.jpg"
  },
  {
    "State": "Kansas",
    "City": "Dexter",
    "Name": "ECCRC Food Pantry ",
    "Description": "Food bank items. Limited funding. Food items as available. We provide an annual Thanksgiving food box to area families in need. The application can be picked up at ECCRC at 107 S Main in Dexter or it can be e-mailed. Deadline to apply is November 1st each year.  For Dexter, Kansas  area residents. ",
    "Address": "107 S Main\nDexter, KS 67038",
    "Phone": "620-876-7323",
    "FoodPantriesImage": "https://www.foodpantries.org/gallery/no_photo_9.jpg"
  },
  {
    "State": "Kansas",
    "City": "Dexter",
    "Name": "ECCRC Food Bank - Lighthouse Library",
    "Description": "Thanksgiving food boxes. Emergency food bank. Special food distributions as announced. ",
    "Address": "107 S Main Street\nDexter, KS 67038",
    "Phone": "(620) 876-7323",
    "FoodPantriesImage": "https://www.foodpantries.org/gallery/no_photo_4.jpg"
  },
  {
    "State": "Kansas",
    "City": "Dodge City",
    "Name": "First Presbyterian Church Friendship Feast",
    "Description": "Friendship Feast is open Monday through Friday 11:30 am to 12:45 pm.Provides a cooked meal on weekdays (Monday - Friday) over the lunch hour from 11:30 a.m. to 1:00 p.m.Call to confirm. ",
    "Address": "803 Central St\nDodge City, KS 67801",
    "Phone": "(620) 253-1953",
    "FoodPantriesImage": "https://www.foodpantries.org/gallery/33708_ks_67801_first-presbyterian-church-friendship-feast_mxr.jpg"
  },
  {
    "State": "Kansas",
    "City": "Dodge City",
    "Name": "Salvation Army Food Assisance Dodge City",
    "Description": "The Salvation Army, in Dodge City Assists with food M-F 9-12 &amp; 1-4pm",
    "Address": "1100 Avenue \"E\"\nDodge City, KS  67801",
    "Phone": "620-225-4871",
    "FoodPantriesImage": "https://www.foodpantries.org/gallery/no_photo_2.jpg"
  },
  {
    "State": "Kansas",
    "City": "Dodge City",
    "Name": "United Methodist Mexican American Ministries - Dodge City Care Ministries",
    "Description": "Provides food and clothing on Monday through Friday, 8:30 a.m. to 3:30 p.m.",
    "Address": "1700 Ave F\nDodge City, KS 67801",
    "Phone": "",
    "FoodPantriesImage": "https://www.foodpantries.org/gallery/no_photo_10.jpg"
  },
  {
    "State": "Kansas",
    "City": "Ellinwood",
    "Name": "Immanuel United Church of Christ Ellinwood Food Bank",
    "Description": "Hours: Regular hours at the Food Bank are Mondays from 2-5pm, and Thursdays 4-7pm. ",
    "Address": "701 N Fritz\nEllinwood, KS 67526",
    "Phone": "620-564-3044",
    "FoodPantriesImage": "https://www.foodpantries.org/gallery/no_photo_4.jpg"
  },
  {
    "State": "Kansas",
    "City": "Garden City",
    "Name": "Emmaus House Garden City",
    "Description": "Provides free food on Wednesday and Friday from 9:30-11:00 am and 3:30 to 5:00 p.m.Emmaus House has been an entity in Finney County/Garden City for over 30\r\n years. Helping the homeless, hungry and all those in need. With the \r\ncontinued financial support of organization",
    "Address": "802 N 5th St\nGarden City, KS 67846",
    "Phone": "620-275-2008",
    "FoodPantriesImage": "https://www.foodpantries.org/gallery/no_photo_4.jpg"
  },
  {
    "State": "Kansas",
    "City": "Garden City",
    "Name": "United Methodist Mexican American Ministries Community Care Center",
    "Description": "Provides food 3rd Thursday of the Month.",
    "Address": "712 St John St\nGarden City, KS 67846",
    "Phone": "(620) 275-1766",
    "FoodPantriesImage": "https://www.foodpantries.org/gallery/no_photo_7.jpg"
  },
  {
    "State": "Kansas",
    "City": "Great Bend",
    "Name": "The Community Food Bank of Barton County",
    "Description": "Hours: Monday, Wednesday and Friday1:00pm - 3:00pmDistributes food for Barton County residents of at \r\nleast 4 weeks who are experiencing a temporary emergency or crisis \r\nsituation, or transients moving through the community who find \r\nthemselves in an emergency situation. Clients are limited to three times\r\n a year with a time span of 2 weeks",
    "Address": "3007 10th Street\nGreat Bend, KS 67530",
    "Phone": "620-792-4001",
    "FoodPantriesImage": "https://www.foodpantries.org/gallery/no_photo_8.jpg"
  },
  {
    "State": "Kansas",
    "City": "Great Bend",
    "Name": "The Hungry Heart Soup Kitchen",
    "Description": "Provides free lunches daily, Monday through Friday from 11:45 to 12:45 pm, and free groceries as the need warrants.\r\nHours: 11:45am to 12:30pmFinancial assistance by appointment only\r\nThey have an application and \r\ninterview process. Usually they can help one time in a 12-month period. \r\nThe appli",
    "Address": "1515 Williams Street\nGreat Bend, KS 67530",
    "Phone": "(620) 282-4014",
    "FoodPantriesImage": "https://www.foodpantries.org/gallery/no_photo_2.jpg"
  },
  {
    "State": "Kansas",
    "City": "HIawatha",
    "Name": "North Brown County Food Pantry",
    "Description": "Open Tuesdays 9 AM-12:30 PM and Thursdays 6-7:30 PM. We offer an emergency food pantry for people who live in the north half of Brown County, KS. ",
    "Address": "First Baptist Church, 210 Lodge Rd.\nHIawatha, KS 66434",
    "Phone": "785-742-3423",
    "FoodPantriesImage": "https://www.foodpantries.org/gallery/no_photo_8.jpg"
  },
  {
    "State": "Kansas",
    "City": "Hoisington",
    "Name": "First United Methodist Church Hoisington Food Pantry",
    "Description": "The second Monday of every month from 2 to 4 PM and the fourth Monday of every month from 4 to 6 PM. If it is a national Monday holiday, they need to check if it will be open or not. Major Monday national holidays it is not open. ie..Labor Day, Memorial Day, etc.&nbsp;",
    "Address": "467 W 3rd St\nHoisington, KS 67544",
    "Phone": "(866) 922-6654",
    "FoodPantriesImage": "https://www.foodpantries.org/gallery/no_photo_2.jpg"
  },
  {
    "State": "Kansas",
    "City": "Holton",
    "Name": "JCMA Food Pantry",
    "Description": "Hours of operation Monday 8 am until noon, Tuesday evenings 5 pm until 7 pm., Wednesday 12 to 4 pm., Friday 12 to 4 p.m. You can come once every 30 days.",
    "Address": "420 west 5th\nHolton, KS 66436",
    "Phone": "785-364-5905",
    "FoodPantriesImage": "https://www.foodpantries.org/gallery/no_photo_3.jpg"
  },
  {
    "State": "Kansas",
    "City": "Hutchinson",
    "Name": "Food Bank of Reno County",
    "Description": "",
    "Address": "700 N Walnut St\nHutchinson, KS 67501",
    "Phone": "(620) 665-4076",
    "FoodPantriesImage": "https://www.foodpantries.org/gallery/no_photo_5.jpg"
  },
  {
    "State": "Kansas",
    "City": "Hutchinson",
    "Name": "Living Hope FWB Food Pantry",
    "Description": "We provide food bundles to families in the community in need. We are run strictly off of donations from the community. Appointments can be made by calling 620-664-2328.",
    "Address": "735 E. 5th\nHutchinson, KS 67501",
    "Phone": "620-664-2328",
    "FoodPantriesImage": "https://www.foodpantries.org/gallery/no_photo_10.jpg"
  },
  {
    "State": "Kansas",
    "City": "Independence",
    "Name": "Kansas Foodbank",
    "Description": "",
    "Address": "307 W Pecan St\nIndependence, KS 67301",
    "Phone": "(620) 331-0181",
    "FoodPantriesImage": "https://www.foodpantries.org/gallery/no_photo_1.jpg"
  },
  {
    "State": "Kansas",
    "City": "Junction City",
    "Name": "Food Pantry of Junction City",
    "Description": "Hours of Operation:\r\nMonday: 9:00am to 12:45pm\r\nTuesday 5:30pm to 7:00pm\r\nThursday 9:00am to 12:45pm\r\n\r\nCommodities sign up:\r\nTuesday 3:00pm to 5:00pm\r\n\r\nCommodities pick up:\r\n4th Wednesday of the month  1:00pm to 4:00pm ",
    "Address": "136 West 3rd Street\nJunction City, KS 66441",
    "Phone": "785-762-8830",
    "FoodPantriesImage": "https://www.foodpantries.org/gallery/no_photo_4.jpg"
  },
  {
    "State": "Kansas",
    "City": "Junction City",
    "Name": "Junction City Caring Place",
    "Description": "Hours:Monday through Friday 5:00pm - 8:00pm\r\n    food only\r\n",
    "Address": "1013-B W 8th Street\nJunction City, KS 66441",
    "Phone": "(785) 238-4428",
    "FoodPantriesImage": "https://www.foodpantries.org/gallery/33632_junction-city-caring-place_rqq.jpg"
  },
  {
    "State": "Kansas",
    "City": "Kansas City",
    "Name": "Wyandotte United Methodist Church",
    "Description": "We have a constant supply of non-perishable food items for people in need. For more information, please call.",
    "Address": "7901 Oakland Ave.\nKansas City, KS 66112",
    "Phone": "913-788-5503",
    "FoodPantriesImage": "https://www.foodpantries.org/gallery/37310_wyandotte-united-methodist-church_hvf.jpg"
  },
  {
    "State": "Kansas",
    "City": "Kansas City",
    "Name": "St. Paul's Neighborhood Pantry",
    "Description": "The Neighborhood Food Pantry serves the hungry by providing Commodities Service (TEFAP) as well as fresh produce and bread to those who are in need.La Despensa Barrio sirve a los hambrientos, proporcionando servicio Commodities (TEFAP), ­ como productos frescos y pan para los que estan en necesidad. Pantry Hours: Wednesdays 12:00pm - 2:30pm Saturdays",
    "Address": "1300 North 18th Street\nKansas City, KS 66102",
    "Phone": "913.321.8674",
    "FoodPantriesImage": "https://www.foodpantries.org/gallery/32745_st-pauls-neighborhood-pantry_kqx.jpg"
  },
  {
    "State": "Kansas",
    "City": "Larned",
    "Name": "Helping Hands Ministry Food Pantry Larned",
    "Description": "Hours: Mondays through Fridays 4pm - 6pm. ",
    "Address": "501 Main Street \nLarned, KS 67550",
    "Phone": "",
    "FoodPantriesImage": "https://www.foodpantries.org/gallery/no_photo_3.jpg"
  },
  {
    "State": "Kansas",
    "City": "Larned",
    "Name": "Pawnee County Food Pantry",
    "Description": "Hours:Monday - Friday 4:00pm to 6:00pmFor more information, please call.",
    "Address": "501 West Main Street\nLarned, KS 67550",
    "Phone": "(620) 264-0020",
    "FoodPantriesImage": "https://www.foodpantries.org/gallery/33738_ks_pawnee-county-food-pantry_xev.jpg"
  },
  {
    "State": "Kansas",
    "City": "Lawrence",
    "Name": "Eckan Inc.",
    "Description": "For more information about services provided at the Douglas County Community Center.",
    "Address": "2518 Ridge Ct #103\nLawrence, KS 66046",
    "Phone": "(785) 841-3357",
    "FoodPantriesImage": "https://www.foodpantries.org/gallery/250_eckan-inc_yyg.gif"
  },
  {
    "State": "Kansas",
    "City": "Lawrence",
    "Name": "The Winter Center for Restorative Justice",
    "Description": "For more information, please call.",
    "Address": "1012 Massachusetts Street, Suite 207\nLawrence, KS 66044",
    "Phone": "785 845 8877",
    "FoodPantriesImage": "https://www.foodpantries.org/gallery/1180_the-winter-center-for-restorative-justice-lawrence_pug.jpg"
  },
  {
    "State": "Kansas",
    "City": "Lawrence",
    "Name": "Heartland Community Health Center",
    "Description": "Food Pantry HoursThursday1:00pm - 3:00pmSaturday 9:00am - 12:00pmCall to schedule an appointment.",
    "Address": "346 Maine St., Suite 150\nLawrence, KS 66044",
    "Phone": "785.841.7297",
    "FoodPantriesImage": "https://www.foodpantries.org/gallery/1296_ks-the-leo-center-food-pantry_klk.jpg"
  },
  {
    "State": "Kansas",
    "City": "Lawrence",
    "Name": "Just Food",
    "Description": "Just Food's Food Pantry Hours:Monday10:00am - 6:00pmTuesday9:00am. - 4:00pm Wednesday 9:00am - 4:00pm Thursday10:00am - 6:00pm\r\n Friday9:00am - 4:00pm\r\n \r\nClosed 12:00pm to 1:00pm daily for volunteers to eat lunch; closed weekends,  holidays and for other special activities.\r\n \r\nJust Food also closes at noon on day",
    "Address": "1000 E. 11th Street\nLawrence, KS 66046",
    "Phone": "785-856-7030",
    "FoodPantriesImage": "https://www.foodpantries.org/gallery/33256_just-food-the-food-bank-in-douglas-county_nof.jpg"
  },
  {
    "State": "Kansas",
    "City": "Leavenworth",
    "Name": "Leavenworth Mission Community Store - Food Pantry",
    "Description": "Monday-Tuesday   11-2\r\nMust bring 2 forms of ID    *picture ID  *any mail with proof of Leavenworth County residency",
    "Address": "1140 Spruce Street`\nLeavenworth, KS 66048",
    "Phone": "913-651-8800",
    "FoodPantriesImage": "https://www.foodpantries.org/gallery/34331_leavenworth-mission-community-store-food-pantry_ihu.jpg"
  },
  {
    "State": "Kansas",
    "City": "Lebo",
    "Name": "Lebo Community Food Pantry",
    "Description": "Location: East Side of Lebo Baptist Church, Lebo KS 66856 US.\r\nThe Lebo Community Food Pantry serves all families in need once a month in the 66856 area. Their hours of opperation are Tuesday mornings from 9-11 a.m., Wednesday evening from 5-7 p.m., and the 3rd Saturday morning of each month from 9-11 a.m. They have only been open for approximately 4-6 months and have already served 20 diffe",
    "Address": "420 north maple street\nLebo, KS 66856",
    "Phone": "(620) 256-6416",
    "FoodPantriesImage": "https://www.foodpantries.org/gallery/no_photo_3.jpg"
  },
  {
    "State": "Kansas",
    "City": "Lenexa",
    "Name": "KC Church of Christ Food Pantry",
    "Description": "By appointment only. Call 913-609-8256 to schedule an appointment.",
    "Address": "10250 Quivira Road\nLenexa, KS 66215",
    "Phone": "913-599-6375",
    "FoodPantriesImage": "https://www.foodpantries.org/gallery/no_photo_10.jpg"
  },
  {
    "State": "Kansas",
    "City": "Lenexa",
    "Name": "West Lenexa Seventh Day Adventist Church Food Pantry",
    "Description": "Hours:Wednesday  4:00pm - 5:30pmWe operate on trust. For more information, please call.",
    "Address": "24450 with 83rd St.\nlenexa, KS 66227",
    "Phone": "(913) 422-7282",
    "FoodPantriesImage": "https://www.foodpantries.org/gallery/35486_west-lenexa-seventh-day-adventist-church-food-pantry_lur.gif"
  },
  {
    "State": "Kansas",
    "City": "Macksville",
    "Name": "Macksville Christian Church Food Pantry",
    "Description": "Provides a food pantry. Call for hours. ",
    "Address": "234 N. Sheaffer Ave\nMacksville, KS 67557",
    "Phone": "620-348-3205",
    "FoodPantriesImage": "https://www.foodpantries.org/gallery/no_photo_3.jpg"
  },
  {
    "State": "Kansas",
    "City": "Manhattan",
    "Name": "Flint Hills Breadbasket",
    "Description": "To minimize hunger and poverty through the distribution of available food and to nurture projects that will help alleviate hunger and poverty.\r\n\r\nFood Bank Hours - For donation drop-off and volunteers.\r\nMonday-Friday \t8:00 am - 12:00 pm  \t1:00 pm - 4:00 pm\r\n\r\nEmergency Food Pantry Hours \t   Monday-Friday \t1:00 pm - 3:30 pm\r\n\r\nFor additional information see",
    "Address": "905 Yuma Street\nManhattan, KS 66502",
    "Phone": "785-537-1353",
    "FoodPantriesImage": "https://www.foodpantries.org/gallery/no_photo_9.jpg"
  },
  {
    "State": "Kansas",
    "City": "Mcpherson",
    "Name": "McPherson County Food Bank",
    "Description": "",
    "Address": "707 S Main St\nMcpherson, KS 67460",
    "Phone": "(620) 241-8050",
    "FoodPantriesImage": "https://www.foodpantries.org/gallery/no_photo_8.jpg"
  },
  {
    "State": "Kansas",
    "City": "Melvern",
    "Name": "Melvern Food Pantry",
    "Description": "2nd &amp; 3rd Fridays 4 to 6 at 134 NE Main St.Offers food assistance to individuals and families in the Melvern and Quenemo area.",
    "Address": "134 NE Main St.\nMelvern, KS 66510",
    "Phone": "7855493419",
    "FoodPantriesImage": "https://www.foodpantries.org/gallery/34135_melvern-food-pantry_wvn.jpg"
  },
  {
    "State": "Kansas",
    "City": "Mulvane",
    "Name": "Mulvane UMC - Fully Rely on God - FROG Diner",
    "Description": "FROG Diner is a community mission sponsored by MUMC that provides a free meal to anyone in need in the community.Every Thursday 5:00pm-6:30pm",
    "Address": "107 S Central Ave.\nMulvane, KS 67110",
    "Phone": "316-777-0125",
    "FoodPantriesImage": "https://www.foodpantries.org/gallery/36526_mulvane-united-methodist-fully-rely-on-god-frog-diner_xbp.jpg"
  },
  {
    "State": "Kansas",
    "City": "Olathe",
    "Name": "Growing Growers",
    "Description": "For more information, please call.",
    "Address": "35125 W. 135th Street\nOlathe, KS 66061",
    "Phone": "913-488-1270",
    "FoodPantriesImage": "https://www.foodpantries.org/gallery/647_growing-growers_azo.png"
  },
  {
    "State": "Kansas",
    "City": "Olathe",
    "Name": "New Hope Food Pantry Olathe",
    "Description": "Food pantry is located on the back of the building. \r\n  Access the Food Pantry from the West \r\n  parking lot. Look for the garage doors.Hours of Operation*:Monday through Friday: 1pm ",
    "Address": "13310 S Blackbob Rd.\nOlathe, KS 66062",
    "Phone": "913-782-0955",
    "FoodPantriesImage": "https://www.foodpantries.org/gallery/no_photo_7.jpg"
  },
  {
    "State": "Kansas",
    "City": "Olathe",
    "Name": "Manna Ministries - Westside Church of the Nazarene",
    "Description": "Manna Ministries. (1)   Register family members each Sunday evening between 5:30pm and 6:00pm.\r\n(2)   Join us in worship after your weekly registration.  \r\n(3)   Pick up groceries after worship.  The amount of food you receive will be based upon the number of household members registered and in attendance each week. Available 52 weeks a year on Sunday evening. See our web page ",
    "Address": "1700 W. Santa Fe St\nOlathe, KS 66061",
    "Phone": "(913) 764-1445",
    "FoodPantriesImage": "https://www.foodpantries.org/gallery/no_photo_3.jpg"
  },
  {
    "State": "Kansas",
    "City": "Overland Park",
    "Name": "Caring Within Our Community Food Pantry",
    "Description": "Caring Within Our Community Food Pantry an outreach of Word of Faith Fellowship Church\r\n16112 Foster (3 blocks west of Metcalf off 161st)\r\nOverland Park, KS  66085\r\n\r\n\r\nOPEN:  3rd Saturday of the Month\r\nTIMES:   10am to 12 Noon",
    "Address": "16112 Foster St.\nOverland Park, KS 66085",
    "Phone": "913-851-9673",
    "FoodPantriesImage": "https://www.foodpantries.org/gallery/no_photo_5.jpg"
  },
  {
    "State": "Kansas",
    "City": "Overland Park",
    "Name": "Saint Mark's United Methodist Church Food Pantry",
    "Description": "Saint Mark's Food Pantry is open to anyone in need of food. We have canned and dried foods, some toiletries and paper goods. We often have bread and frozen foods. Supplies fluctuate according to what is available from our suppliers and from donations. Hours:Monday (not Memorial Day, Labor Day or Christmas Eve. We also close if Shawnee Mission Schools are closed due to inclement wea",
    "Address": "6422 Santa Fe Drive\nOverland Park, KS 66202",
    "Phone": "(913) 722-2310",
    "FoodPantriesImage": "https://www.foodpantries.org/gallery/33771_ks_66202_saint-marks-united-methodist-church-food-pantry_mby.jpg"
  },
  {
    "State": "Kansas",
    "City": "Overland Park",
    "Name": "New Haven ",
    "Description": "Gluten free and allergy friendly food pantry for those with Celiac disease or food allergies. For more information, please call.",
    "Address": "8714 Antioch rd\nOverland Park, KS 66212",
    "Phone": "(913) 263-2802",
    "FoodPantriesImage": "https://www.foodpantries.org/gallery/36006_renewed-health_gom.jpg"
  },
  {
    "State": "Kansas",
    "City": "Pittsburg",
    "Name": "Wesly House",
    "Description": "We seek to provide emergency assistance to persons in need, serve as an advocate, serve as a place of worship and fellowship, and be ecumenically conscious. \r\nWesley House offers:\r\n    supplemental food assistance\r\n    miscellaneous household personal products, soap, toothpaste, laundry soap, misc.)\r\n    advocacy and referral (for tough situations)\r\n    free supper (T",
    "Address": "411 E 12 street \nPittsburg, KS 66762",
    "Phone": "(620) 232-3760",
    "FoodPantriesImage": "https://www.foodpantries.org/gallery/no_photo_10.jpg"
  },
  {
    "State": "Kansas",
    "City": "Pratt",
    "Name": "Christian Food Bank Pratt",
    "Description": "Open on Monday 7-9 pm; Wednesday 9:30-11:30 am; Thursday 7-8 pm; and Friday 10 am to noon.",
    "Address": "111 W 4th St\nPratt, KS 67124",
    "Phone": "(620) 672-5150",
    "FoodPantriesImage": "https://www.foodpantries.org/gallery/no_photo_3.jpg"
  },
  {
    "State": "Kansas",
    "City": "Pratt",
    "Name": " Clothing Room Food Pantry",
    "Description": "Hours: Thursday10:30am - 1:30pm",
    "Address": "320 Country Club Rd\nPratt, KS 67124",
    "Phone": "(620) 672-3182",
    "FoodPantriesImage": "https://www.foodpantries.org/gallery/no_photo_5.jpg"
  },
  {
    "State": "Kansas",
    "City": "Prescott",
    "Name": "Reach Out Food Pantry",
    "Description": "Sponsored by the Prescott United Methodist Church and the Prescott City Council. Founded in 2009. Hours: Monday and Saturday 9:00am to 1:00pm Harvester's and Commodity distribution the first Tuesday of each month at 4:30 p.m. Staffed by community volunteers and funded by donations.",
    "Address": "202 West 4th Street\nPrescott, KS 66767",
    "Phone": "913-471-4578",
    "FoodPantriesImage": "https://www.foodpantries.org/gallery/no_photo_8.jpg"
  },
  {
    "State": "Kansas",
    "City": "Rose Hill",
    "Name": "Rose Hill Christian Church Food Pantry",
    "Description": "Provides a food pantry by appointment only. Call on Mondays through Fridays from 8am - 12noon and 1pm - 3pm. ",
    "Address": "314 N. Rose Hill Road\nRose Hill, KS 67133",
    "Phone": "316-776-0844",
    "FoodPantriesImage": "https://www.foodpantries.org/gallery/no_photo_10.jpg"
  },
  {
    "State": "Kansas",
    "City": "Saint Francis",
    "Name": "Cheyenne County Food Pantry",
    "Description": "Hours:The second Tuesday of every month6:00pm - 7:30pm  The pantry is located in the southwest corner of the court house.  Emergency food can be obtained through the Sheriff's Department 785-332-8880 and/or located on the 2nd floor of the court house.",
    "Address": "212 W. Washington St\nSaint Francis, KS 67756",
    "Phone": "(785) 332-0068",
    "FoodPantriesImage": "https://www.foodpantries.org/gallery/no_photo_2.jpg"
  },
  {
    "State": "Kansas",
    "City": "Salina",
    "Name": "Salina Emergency Aid Food Bank",
    "Description": "Emergency Aid:  We offer limited assistance with basic living expenses \r\nsuch as rent, utilities, prescriptions, repairs, transportation, etc.  Food Bank:  A 7-day supply of groceries is issued to individuals or families based on household size and special needs. \r\n Rent and utility assistance:  Clients facing eviction or shut offs of \r\ngas",
    "Address": "255 S Chicago\nSalina, KS 67401",
    "Phone": "785-827-7111",
    "FoodPantriesImage": "https://www.foodpantries.org/gallery/33704_ks_67401_salina-emergency-aid-food-bank_xrp.jpg"
  },
  {
    "State": "Kansas",
    "City": "Stilwell",
    "Name": "Caring Ministry",
    "Description": "We are small suburban church with a large food pantry (Caring Ministry) that provides thousands of people with groceries every year. We are a licensed agent for Harvesters Food Network, we have a 16,000 sq. ft. garden we use to grow fresh vegetables to give away via the food pantry and we glean from seven local grocery stores every week. Besides the dozens of volunteers who provide hours of hours ",
    "Address": "19950 Broadway Ln\nStilwell, KS 66085",
    "Phone": "913-897-2261",
    "FoodPantriesImage": "https://www.foodpantries.org/gallery/36833_caring-ministry_msf.jpg"
  },
  {
    "State": "Kansas",
    "City": "Topeka",
    "Name": "Temple Of Deliverance Church Food Pantry Topeka",
    "Description": "Pantry Hours:3rd and 4th Saturday10:00am - 12:00pmFor more information, please call.",
    "Address": "520 SE Norwood Street\nTopeka, KS 66607",
    "Phone": "(785) 235-6755",
    "FoodPantriesImage": "https://www.foodpantries.org/gallery/no_photo_8.jpg"
  },
  {
    "State": "Kansas",
    "City": "Topeka",
    "Name": "Catholic Charities Food Pantry Topeka",
    "Description": "Shawnee County resident food pantry.Photo ID required.Pantry hours: 11am-2pm M, T, Th, F. ",
    "Address": "234 S Kansas Ave\nTopeka, KS 66603",
    "Phone": "(785) 233-6300",
    "FoodPantriesImage": "https://www.foodpantries.org/gallery/no_photo_1.jpg"
  },
  {
    "State": "Kansas",
    "City": "Topeka",
    "Name": "Let's Help",
    "Description": "Let's Help has been serving those in need since 1969.  We are committed to inspiring hope, promoting self-sufficiency, and breaking the cycle of poverty one person at a time.\r\n\r\nWe provide adult basic education and GED classes to students ages 16 and above. While attending classes at Let's Help students are also able to attain a WorkReady certificate. In 2014 we provided educational op",
    "Address": "200 S Kansas Ave. \nTopeka, KS 66603",
    "Phone": "785-234-6208",
    "FoodPantriesImage": "https://www.foodpantries.org/gallery/36619_lets-help_ieu.jpg"
  },
  {
    "State": "Kansas",
    "City": "Wamego",
    "Name": "Wamego Family Worship Center",
    "Description": "We are located 1 mile west of the Wamego Pizza Hut on Hwy 24. Call Elaine at the Church for more information",
    "Address": "16445 W. Cameron Circle\nWamego, KS 66547",
    "Phone": "(785)456-9646",
    "FoodPantriesImage": "https://www.foodpantries.org/gallery/no_photo_8.jpg"
  },
  {
    "State": "Kansas",
    "City": "Wellington",
    "Name": "Wellington Food Bank",
    "Description": "Wellington Food Bank is located at the corner of South Washington Avenue and East 4th Street. Please contact them directly for more detailed information such as eligibility , hours of operation and application procedures.",
    "Address": "305 S Washington Ave\nWellington, KS 67152",
    "Phone": "(620) 326-5301",
    "FoodPantriesImage": "https://www.foodpantries.org/gallery/no_photo_9.jpg"
  },
  {
    "State": "Kansas",
    "City": "Wichita",
    "Name": "His Helping Hands Food Pantry",
    "Description": "Food Pantry Hours:The 1st and 3rd Tuesday4:30pm - 6:00pmThe 2nd and 4th Friday9:00am - 12:00pmOpen Hours:Monday - Thursday9:00am - 5:00pmFriday9:00am - 4:00pmSaturday9:00am - 11:30am",
    "Address": "1441 E. 37th St. N\nWichita, KS 67219",
    "Phone": "(316) 838-8528",
    "FoodPantriesImage": "https://www.foodpantries.org/gallery/1456_ks-his-food-pantry_kzw.png"
  },
  {
    "State": "Kansas",
    "City": "Wichita",
    "Name": "Kansas Food Bank",
    "Description": "The Kansas Food Bank supplies free and low-cost food to pantries, soup \r\nkitchens and churches who give out food to the hungry. If you are \r\nlooking for a source of food, we have a lengthy list of agencies across \r\nthe state who can assist you. Visit our website for full details. Hours:Monday - Friday8:00am - 4:00pm",
    "Address": "1919 E Douglas Ave.\nWichita, KS 67211",
    "Phone": "(316) 265-3663",
    "FoodPantriesImage": "https://www.foodpantries.org/gallery/1652_Kansas_Food_Bank_sgb.png"
  },
  {
    "State": "Kansas",
    "City": "Wichita",
    "Name": "United Methodist Open Door",
    "Description": "Provides a food pantry.  id, residency Pantry Hours: Monday - Friday\r\n                                    9:00am -11:45am; 1:00pm - 3:45pm",
    "Address": "402 E. 2nd Street\nWichita, KS 67202",
    "Phone": "(316) 265-9371",
    "FoodPantriesImage": "https://www.foodpantries.org/gallery/26392_united_methodist_open_door__elk.jpg"
  },
  {
    "State": "Kansas",
    "City": "Wichita",
    "Name": "Victory Christian Church",
    "Description": "Open from 5:00 to 7:00 PM on Monday.",
    "Address": "1157 N Emporia\nWichita, KS 67214",
    "Phone": "(316) 943-3446",
    "FoodPantriesImage": "https://www.foodpantries.org/gallery/no_photo_8.jpg"
  },
  {
    "State": "Kansas",
    "City": "Wichita",
    "Name": "Westside Good Neighbor Center",
    "Description": "Provides a food pantry.  Pantry hours: Wednesdays from 08:30 am until 11:30 am.All you need is a current Kansas picture I.D. and proof of address.&nbsp; You must have a Social Security card for each member of the family.You are welcome during regular hours.",
    "Address": "3500 West 13th St.\nWichita, KS 67203",
    "Phone": "(316) 942-7349",
    "FoodPantriesImage": "https://www.foodpantries.org/gallery/26394_westside_good_neighbor_center__lwm.JPG"
  },
  {
    "State": "Kansas",
    "City": "Wichita",
    "Name": "St Jude Catholic Church Food Pantry",
    "Description": "Provides a food pantry.  Pantry Hours: Monday 9:00am - 10:00am For more information, please call.",
    "Address": "3030 N Amidon Ave.\nWichita, KS 67204",
    "Phone": "(316) 838-1963",
    "FoodPantriesImage": "https://www.foodpantries.org/gallery/26389_st_jude_catholic_church__kpk.gif"
  },
  {
    "State": "Kansas",
    "City": "Wichita",
    "Name": "St Patrick Catholic Church",
    "Description": "Provides a food pantry.  Limited area served must live in the area Pantry Hours: Tuesday 8:30am -10:00pm",
    "Address": "2007 N Arkansas\nWichita, KS",
    "Phone": "316-262-4683",
    "FoodPantriesImage": "https://www.foodpantries.org/gallery/26390_st_patrick_catholic_church__yih.jpg"
  },
  {
    "State": "Kansas",
    "City": "Wichita",
    "Name": "The Old Time Gospel",
    "Description": "Provides a food pantry.  Pantry hours: 3rd Thursday&nbsp; I believe it starts at 11 and I know that it goes until 3 p.m.",
    "Address": "2552 Jackson\nWichita, KS",
    "Phone": "806-0335",
    "FoodPantriesImage": "https://www.foodpantries.org/gallery/no_photo_2.jpg"
  },
  {
    "State": "Kansas",
    "City": "Wichita",
    "Name": "Sharon Baptist Church",
    "Description": "Provides a food pantry.  Pantry hours: 3rd Tues of every other month.",
    "Address": "2221 S Oliver\nWichita, KS",
    "Phone": "684-5156",
    "FoodPantriesImage": "https://www.foodpantries.org/gallery/no_photo_6.jpg"
  },
  {
    "State": "Kansas",
    "City": "Wichita",
    "Name": "Salvation Army West",
    "Description": "Provides a food pantry.  Pantry Hours: Monday, Wednesday and Friday10:00am to 12:00pm; 1:00pm to 3:00pm",
    "Address": "1910 S Everett Street\nWichita, KS 67213",
    "Phone": "(316) 943-9893",
    "FoodPantriesImage": "https://www.foodpantries.org/gallery/26384_salvation_army_west__oqk.jpg"
  },
  {
    "State": "Kansas",
    "City": "Wichita",
    "Name": "SDA Community Service Center",
    "Description": "Provides a food pantry.  Pantry hours: Call for times.",
    "Address": "2751 S Osage\nWichita, KS",
    "Phone": "265-0431",
    "FoodPantriesImage": "https://www.foodpantries.org/gallery/no_photo_8.jpg"
  },
  {
    "State": "Kansas",
    "City": "Wichita",
    "Name": "North Heights Christian Church",
    "Description": "Provides a food pantry.  none updated march 2012 everyone gets food.. Pantry hours: Friday 1-2 pm. Recommend to call first.",
    "Address": "3030 N Hillside\nWichita, KS",
    "Phone": "652-0229",
    "FoodPantriesImage": "https://www.foodpantries.org/gallery/no_photo_4.jpg"
  },
  {
    "State": "Kansas",
    "City": "Wichita",
    "Name": "Pawnee Ave Church",
    "Description": "Provides a food pantry.  none.. everyone gets food..updated march 2012 Pantry hours: Last Friday of the month 3pm to 6pm. pawnee and harry",
    "Address": "2611 E Pawnee\nWichita, KS",
    "Phone": "683-5648",
    "FoodPantriesImage": "https://www.foodpantries.org/gallery/no_photo_2.jpg"
  },
  {
    "State": "Kansas",
    "City": "Wichita",
    "Name": "Salvation Army Citadel",
    "Description": "Provides a food pantry.  Serves residents of: 67202-06-07-10-16-18-21-30-33-36 and 67110 67133 67037 67060. Pantry hours: Mon thru Fri 1pm - 3:30 pm",
    "Address": "1739 Elpyco\nWichita, KS",
    "Phone": "685-8699",
    "FoodPantriesImage": "https://www.foodpantries.org/gallery/no_photo_6.jpg"
  },
  {
    "State": "Kansas",
    "City": "Wichita",
    "Name": "Hillside Christian Church",
    "Description": "Provides a food pantry.  Id required Pantry hours: Thurs 9am to 11am",
    "Address": "8330 E Douglas\nWichita, KS",
    "Phone": "683-6577",
    "FoodPantriesImage": "https://www.foodpantries.org/gallery/no_photo_7.jpg"
  },
  {
    "State": "Kansas",
    "City": "Wichita",
    "Name": "His Helping Hands",
    "Description": "Provides a food pantry.  id only Distribution Hours:Call for appointmentSaturday9:30pm - 11:30pm",
    "Address": "1441 E 37th St\nWichita, KS 67219",
    "Phone": "(316) 838-8528",
    "FoodPantriesImage": "https://www.foodpantries.org/gallery/26374_his_helping_hands__vkh.png"
  },
  {
    "State": "Kansas",
    "City": "Wichita",
    "Name": "Holy Savior God's Food Pantry",
    "Description": "Provides a food pantry.  NONE Pantry hours: 2nd and 4th Wed of month",
    "Address": "1207 N Indiana\nWichita, KS",
    "Phone": "263-6780",
    "FoodPantriesImage": "https://www.foodpantries.org/gallery/no_photo_1.jpg"
  },
  {
    "State": "Kansas",
    "City": "Wichita",
    "Name": "Chisolm Trail Church of Christ",
    "Description": "Provides a food pantry.  Pantry hours: 2nd and 4th Thursday 4 pm-6 pm ",
    "Address": "5833 E 37th St N\nWichita, KS",
    "Phone": "683-1313",
    "FoodPantriesImage": "https://www.foodpantries.org/gallery/no_photo_6.jpg"
  },
  {
    "State": "Kansas",
    "City": "Wichita",
    "Name": "Church at the Cross",
    "Description": "Provides a food pantry.  Pantry hours: Sunday 12:15 to 1:15.",
    "Address": "2901 W Taft\nWichita, KS",
    "Phone": "943-5520",
    "FoodPantriesImage": "https://www.foodpantries.org/gallery/no_photo_1.jpg"
  },
  {
    "State": "Kansas",
    "City": "Wichita",
    "Name": "Faith Chapel - His Food Pantry",
    "Description": "The food pantry is held at 7000 E. Harry Street from 9:30 to 11:30 AM on Monday.",
    "Address": "6808 E Harry Street\nWichita, KS 67207",
    "Phone": "(316) 685-5574",
    "FoodPantriesImage": "https://www.foodpantries.org/gallery/no_photo_5.jpg"
  },
  {
    "State": "Kansas",
    "City": "Wichita",
    "Name": "First MCC",
    "Description": "Provides a food pantry.  Pantry hours: every Tuesday 1-5pm. one time a month",
    "Address": "156 S Kansas\nWichita, KS",
    "Phone": "267-1852",
    "FoodPantriesImage": "https://www.foodpantries.org/gallery/no_photo_2.jpg"
  },
  {
    "State": "Kansas",
    "City": "Wichita",
    "Name": "Brotherhood Presbyterian Church",
    "Description": "Provides a food pantry.  Pantry hours: Call for pantry times.",
    "Address": "2328 E 13th\nWichita, KS",
    "Phone": "263-5360",
    "FoodPantriesImage": "https://www.foodpantries.org/gallery/no_photo_8.jpg"
  },
  {
    "State": "Kansas",
    "City": "Wichita",
    "Name": "Catholic Charities Food Pantry Wichita",
    "Description": "Provides a food pantry.  During the first visit of the year, the following information will be requested:\r\nPhoto identification for the person applying\r\nProof of identification for all other people in the household, for example social security cards, birth certificates, Kansas ID\r\nProof of address, recent mail, bank statement or a bill with the address printed on it",
    "Address": "2825 South Hillside Street\nWichita, KS 67216",
    "Phone": "(316) 264-8344",
    "FoodPantriesImage": "https://www.foodpantries.org/gallery/26360_catholic_charities_67214_aub.jpg"
  },
  {
    "State": "Kansas",
    "City": "Wichita",
    "Name": "Bread of Life Distribution Center",
    "Description": "Bread of Life distributes food and clothing.Hours:Tuesday (except during major holiday weeks)10:00am to 1:45pm.We ask that there be no one in line before 6:00amRequirements:A photo ID is required for registration, as well as IDs for each family member.  (Immunization records for young children will be accepted.) ",
    "Address": "1301 E. Galena Street\nWichita, KS 67216",
    "Phone": "(316) 689-6866",
    "FoodPantriesImage": "https://www.foodpantries.org/gallery/32715_bread-of-life-distribution-center_aah.jpg"
  },
  {
    "State": "Kansas",
    "City": "Wichita",
    "Name": "Simple House",
    "Description": "Pantry hours: We are here Mondays 11 am to 1:30 pm. Tuesdays 9:30 am to 12:30 pm.&nbsp; We do NOT require a referral.&nbsp; A photo ID is all that is required.White building across the street from the church wit red &amp; blue awnings.&nbsp; Park on the North side.&nbsp; Enter at the rear of the building.5",
    "Address": "238 N Waco ST\nWichita, KS 67203",
    "Phone": "303-9994",
    "FoodPantriesImage": "https://www.foodpantries.org/gallery/no_photo_5.jpg"
  },
  {
    "State": "Kansas",
    "City": "Wichita",
    "Name": "Salvation Army Downtown",
    "Description": "Provides a food pantry.  Pantry hours: Mon thru Fri 10am to noon and 1:30 pm to 4:30 pm",
    "Address": "350 N Market\nWichita, KS",
    "Phone": "263-2769",
    "FoodPantriesImage": "https://www.foodpantries.org/gallery/no_photo_8.jpg"
  },
  {
    "State": "Kansas",
    "City": "Wichita",
    "Name": "Mt Vernon Presbyterian Church",
    "Description": "Provides a food pantry.  Pantry hours: 3rd Monday of the month 9am to 10am.",
    "Address": "3700 E MtVernon\nWichita, KS",
    "Phone": "683-7535",
    "FoodPantriesImage": "https://www.foodpantries.org/gallery/no_photo_9.jpg"
  },
  {
    "State": "Kansas",
    "City": "Wichita",
    "Name": "Helping Hands Food Pantry, New Hope Christian Church",
    "Description": "Hours:2nd and 4th Thursday of the month 1:00pm - 3:00pmExcludes November and DecemberRequirement:Proof of address showing they live in Wichita",
    "Address": "1400 George Washington Dr\nWichita, KS 67211",
    "Phone": "(316) 262-3425",
    "FoodPantriesImage": "https://www.foodpantries.org/gallery/34770_helping-hands-food-pantry-new-hope-christian-church_wch.jpg"
  },
  {
    "State": "Kansas",
    "City": "Wichita",
    "Name": "Holy Savior Catholic Church and Academy",
    "Description": "\r\nGod's Food Pantry\r\nFood Distribution Days:\r\n2nd and 4th Wednesdays of each month\r\n10 to 11:30 a.m.\r\nSt. Peter Claver Campus, 1209 N. Indiana\r\n \r\nAbout God's Food PantryGod's Food Pantry was begun by the Sisters of the Adorers of the Blood of Christ in 1984 out of their convent on 13th street at the Holy Savior Church campus.  It was later administered by two Sisters of St. J",
    "Address": "1209 N. Indiana\nWichita, KS 67214",
    "Phone": "(316) 682-8712",
    "FoodPantriesImage": "https://www.foodpantries.org/gallery/35099_iwydehuowj.jpg"
  },
  {
    "State": "Kansas",
    "City": "Wichita",
    "Name": "First MCC of Kansas",
    "Description": "No appointment needed. Open Tuesday from 1-5. Need Id and piece of mail",
    "Address": "156 South Kansas Street\nWichita, KS 67211",
    "Phone": "(316) 267-1852",
    "FoodPantriesImage": "https://www.foodpantries.org/gallery/no_photo_9.jpg"
  },
  {
    "State": "Kansas",
    "City": "Wichita",
    "Name": "RCITY",
    "Description": "Food and clothing pantry, open to the public.\r\nHours of operation Wednesday nights, 6:00 to 8:00 pm.",
    "Address": "1408 W. 34th St. S.\nWichita, KS 67217",
    "Phone": "316-522-6891",
    "FoodPantriesImage": "https://www.foodpantries.org/gallery/no_photo_5.jpg"
  },
  {
    "State": "Kansas",
    "City": "Wilsey",
    "Name": "The Ministry House",
    "Description": "Our food pantry hands out free food once a month, (every third Thursday). Our open hours are from 4:00 PM to 6:00 PM Please visit our web site for details",
    "Address": "209 N First\nWilsey, KS 66873",
    "Phone": "785-466-6125",
    "FoodPantriesImage": "https://www.foodpantries.org/gallery/no_photo_9.jpg"
  }
]