[
  {
    "State": "Nebraska",
    "City": "Aurora",
    "Name": "Hamilton County Food Pantry",
    "Description": "Hours:\r\nTue 11:30 am-12:30 pm, Thu 5:30 pm-6:30 pm, Sat 9 am-10 am\r\n",
    "Address": "1118 N Street\nAurora, NE 68818",
    "Phone": "(402) 694-6979",
    "FoodPantriesImage": "https://www.foodpantries.org/gallery/no_photo_3.jpg"
  },
  {
    "State": "Nebraska",
    "City": "Beatrice",
    "Name": "Community Food Pantry & Emergency Services",
    "Description": "Hours: Monday &amp; Thursday 9:00am-12:00pm, 1:00pm-4:00pm Last Tuesday of the month1:00pm - 4:00pm\r\n\r\nServices: Food, one-time assistance with rent; one time assistance with electric bill\r\n\r\nNew clients may come once a month for food for three months; we review clients and may restrict them from coming too often. Each case is tried on its own merits.\r\n\r\nWe ",
    "Address": "701 N. 6th St.\nBeatrice, NE 68310",
    "Phone": "(402) 223-5306",
    "FoodPantriesImage": "https://www.foodpantries.org/gallery/33871_community-food-pantry-emergency-services_ahm.jpg"
  },
  {
    "State": "Nebraska",
    "City": "Bellevue",
    "Name": "Bellevue Food Pantry",
    "Description": "Eastern Nebraska Community Action Partnership - Sarpy OfficeThe Bellevue Ministerial Association Food Pantry provides emergency food for zip codes 68005, 68123, 68147, 68157\r\nPantry Hours:\r\n\r\nMonday-Thursday\r\n10:00 am - 12:00pm; \r\n1:00 pm - 4:00 pm\r\n\r\nFriday\r\n10:00am - 2:00pm\r\n\r\n\r\n\r\n",
    "Address": "1908 Hancock St\nBellevue, NE 68005",
    "Phone": "(402) 292-2961",
    "FoodPantriesImage": "https://www.foodpantries.org/gallery/33198_bellevue-ministerial-association-food-pantryeastern-nebraska-community-action-partnership-sarpy-offi_yyx.jpg"
  },
  {
    "State": "Nebraska",
    "City": "Central City",
    "Name": "Merrick County Food Pantry",
    "Description": "Donated food, household and personal items are available for low income families on an emergency basis.",
    "Address": "715 16th Street\nCentral City, NE 68826",
    "Phone": "308-946-3794",
    "FoodPantriesImage": "https://www.foodpantries.org/gallery/no_photo_10.jpg"
  },
  {
    "State": "Nebraska",
    "City": "Columbus",
    "Name": "Platte County Food Pantry",
    "Description": "",
    "Address": "3020 18th St\nColumbus, NE 68601",
    "Phone": "4025634544",
    "FoodPantriesImage": "https://www.foodpantries.org/gallery/no_photo_6.jpg"
  },
  {
    "State": "Nebraska",
    "City": "Columbus",
    "Name": "The Salvation Army - Columbus, NE",
    "Description": "The Salvation Army &nbsp;Western Division cover the areas of :BeatriceFremontGrand IslandHastingsKearneyLincolnNorfolkNorth PlatteOmahaCall for times available.",
    "Address": "1711 23rd St\nColumbus, NE 68601",
    "Phone": "402-564-2184",
    "FoodPantriesImage": "https://www.foodpantries.org/gallery/36051_the-salvation-army-columbus-ne_geo.gif"
  },
  {
    "State": "Nebraska",
    "City": "Crete",
    "Name": "Foodnet-Wanek's Community Center",
    "Description": "Provides a food pantry.  All we ask for is your name and how many people live in your house. Pantry hours: Saturdays at 1pm",
    "Address": "1410 Main Ave\nCrete, NE 68333",
    "Phone": "402-416-6197",
    "FoodPantriesImage": "https://www.foodpantries.org/gallery/no_photo_8.jpg"
  },
  {
    "State": "Nebraska",
    "City": "Denton",
    "Name": "Foodnet-Denton Community Center",
    "Description": "Provides a food pantry.  All we ask for is your name and how many people live in your house. Pantry hours: Mondays at 5pm",
    "Address": "7115 Lancaster Ave\nDenton, NE 68339",
    "Phone": "402-416-6197",
    "FoodPantriesImage": "https://www.foodpantries.org/gallery/no_photo_7.jpg"
  },
  {
    "State": "Nebraska",
    "City": "Denton",
    "Name": "Denton Community Center",
    "Description": "Provides a food pantry.  All we ask for is your name and how many people live in your house. Pantry hours: Mondays at 5pm",
    "Address": "7115 Lancaster Ave\nDenton, NE 68339",
    "Phone": "402-416-6197",
    "FoodPantriesImage": "https://www.foodpantries.org/gallery/no_photo_10.jpg"
  },
  {
    "State": "Nebraska",
    "City": "FREMONT",
    "Name": "LIVING WORD PANTRY",
    "Description": "Hours:3rd Thursday of the monthIf missed, call&nbsp; and leave your name and phone number (ask for Kennie).",
    "Address": "1110 N. LINCOLN AVE\nFREMONT, NE 68025",
    "Phone": "(402) 721-2068",
    "FoodPantriesImage": "https://www.foodpantries.org/gallery/no_photo_2.jpg"
  },
  {
    "State": "Nebraska",
    "City": "Gibbon",
    "Name": " Gibbon/Shelton Community Center",
    "Description": "Hours:\r\nMon-Fri 8 am-12 noon",
    "Address": "817 Front Street\nGibbon, NE 68840",
    "Phone": "(308) 468-5469",
    "FoodPantriesImage": "https://www.foodpantries.org/gallery/no_photo_6.jpg"
  },
  {
    "State": "Nebraska",
    "City": "Grand island",
    "Name": "St Mary's Church - Mary's Table - Camille's Cupboard",
    "Description": "Food Pantry HoursTuesday - Thursday1:00pm to 4:00pmThe food pantry is located in the building were the day care area is. Bring photo I.D.   Tuesday -Thursday ",
    "Address": "112 S Cedar Street\nGrand island, NE 68801",
    "Phone": "308-384-2523",
    "FoodPantriesImage": "https://www.foodpantries.org/gallery/36402_st-marys-church_vds.jpg"
  },
  {
    "State": "Nebraska",
    "City": "Grand island",
    "Name": "Salvation Army - Grand Island",
    "Description": "Food Pantry \r\nMonday, Tuesday,Wednesday and Friday\r\n1:00PM-5PM\r\nThursday 9Am-12:00PM\r\n\r\nHot Meal Program\r\nLunch Monday-Friday 12:00pm-1:00pm\r\nSupper Monday - Friday from 5pm-6pm\r\nand on Sundays supper at 5:00pm\r\n\r\nThe Salvation Army is Located at 818 W.3rd st\r\nP: 308-382-4855\r\n\r\nThey have food Pantry\r\nHot Meals\r\nand Shelter",
    "Address": "818 West 3rd Street\nGrand Island, NE 68801",
    "Phone": "(308) 385-4855",
    "FoodPantriesImage": "https://www.foodpantries.org/gallery/no_photo_8.jpg"
  },
  {
    "State": "Nebraska",
    "City": "Hastings",
    "Name": "Salvation Army - Hastings",
    "Description": "CHRISTMAS food box and toys (children 10 yrs and under); applications start last week of Nov; call for exact dates\r\n\r\nHours:\r\nMon-Fri 9 am-12 noon and 1 pm-5 pm",
    "Address": "400 South Burlington\nHastings, NE 68901",
    "Phone": "(402) 463-0529",
    "FoodPantriesImage": "https://www.foodpantries.org/gallery/no_photo_7.jpg"
  },
  {
    "State": "Nebraska",
    "City": "Hastings",
    "Name": "Community Action Partnership of Mid-Nebraska",
    "Description": "COMMUNITY SERVICE COORDINATORS take applications for Mid-Nebraska Community Action programs and refer clients to other services and agencies in the community\r\nHours:\r\nMon-Fri 8 am-4:30 pm\r\n",
    "Address": "422 North Hastings, #203\nHastings, NE 68901",
    "Phone": "(402) 463-7679",
    "FoodPantriesImage": "https://www.foodpantries.org/gallery/no_photo_9.jpg"
  },
  {
    "State": "Nebraska",
    "City": "Hastings",
    "Name": "Catholic Social Services - Hastings",
    "Description": "Hours:\r\nMon-Wed 9 am-12 noon and 1 pm-5 pm, Thu 10:30 am-12 noon and 1 pm-5 pm, Fri 9 am-12 noon and 1 pm-5 pm",
    "Address": "333 West 2nd Street\nHastings, NE 68901",
    "Phone": "(402) 463-2112",
    "FoodPantriesImage": "https://www.foodpantries.org/gallery/no_photo_10.jpg"
  },
  {
    "State": "Nebraska",
    "City": "Lincoln",
    "Name": "Food Bank of Lincoln Inc",
    "Description": "Hours:Monday - Friday8:00am - 4:30pmFor more information, please call.",
    "Address": "4840 Doris Bair Cir Ste A\nLincoln, NE 68504",
    "Phone": "(402) 466-8170",
    "FoodPantriesImage": "https://www.foodpantries.org/gallery/1094_food-bank-of-lincoln-inc_gno.jpg"
  },
  {
    "State": "Nebraska",
    "City": "Lincoln",
    "Name": "Neighborhood FOOD - Oak Lake Church",
    "Description": "Provides a food pantry.  Call ahead to confirm and verify what information you should bring along. Pantry hours: Thursday: 3-4pm",
    "Address": "3300 N 1st St\nLincoln, NE 68521",
    "Phone": "402-476-4357",
    "FoodPantriesImage": "https://www.foodpantries.org/gallery/no_photo_9.jpg"
  },
  {
    "State": "Nebraska",
    "City": "Lincoln",
    "Name": "Salvation Army CCC",
    "Description": "Provides a food pantry.  Call ahead to confirm and verify what information you should bring along. Pantry hours: Monday: 1-4pm, 5-8pm; Tuesday, Wednesday, Thursday, Friday: 1-4pm Perishables: Friday: 10am",
    "Address": "2625 Potter St\nLincoln, NE 68503",
    "Phone": "402-474-6263",
    "FoodPantriesImage": "https://www.foodpantries.org/gallery/no_photo_5.jpg"
  },
  {
    "State": "Nebraska",
    "City": "Lincoln",
    "Name": "F Street Community Center - Neighborhood FOOD ",
    "Description": "Provides a food pantry.  Call ahead to confirm and verify what information you should bring along. Pantry Hours: Tuesday1:00pm - 2:00pm",
    "Address": "1225 F Street\nLincoln, NE 68508",
    "Phone": "(402) 441-7951",
    "FoodPantriesImage": "https://www.foodpantries.org/gallery/no_photo_8.jpg"
  },
  {
    "State": "Nebraska",
    "City": "Lincoln",
    "Name": "Neighborhood FOOD - Malone Community Center",
    "Description": "Provides a food pantry.  Call ahead to confirm and verify what information you should bring along. Pantry hours: Thursday: 1-2pm",
    "Address": "2032 U St\nLincoln, NE 68503",
    "Phone": "402-476-4357",
    "FoodPantriesImage": "https://www.foodpantries.org/gallery/no_photo_10.jpg"
  },
  {
    "State": "Nebraska",
    "City": "Lincoln",
    "Name": "Havelock UMC",
    "Description": "Provides a food pantry.  Call ahead to confirm and verify what information you should bring along. Pantry hours: Northeast Distribution Center: Tuesdays 4:30-6pm; Foodnet: Tuesdays 5pm",
    "Address": "4140 North 60th Street\nLincoln, NE 68507",
    "Phone": "402-471-3700",
    "FoodPantriesImage": "https://www.foodpantries.org/gallery/no_photo_10.jpg"
  },
  {
    "State": "Nebraska",
    "City": "Lincoln",
    "Name": "Foodnet-Grace Chapel PCA",
    "Description": "Provides a food pantry.  All we ask for is your name and how many people live in your house. Pantry hours: Fridays at 12:15pm",
    "Address": "4000 Sheridan Blvd\nLincoln, NE 68506",
    "Phone": "402-416-6197",
    "FoodPantriesImage": "https://www.foodpantries.org/gallery/no_photo_4.jpg"
  },
  {
    "State": "Nebraska",
    "City": "Lincoln",
    "Name": "Foodnet - Heartland Bible Church",
    "Description": "Provides a food pantry.  All we ask for is your name and how many people live in your house. Pantry hours: Thursdaysand Friday: 11am",
    "Address": "2611 S 56 St.\nLincoln, NE 68506",
    "Phone": "402-416-6197",
    "FoodPantriesImage": "https://www.foodpantries.org/gallery/no_photo_10.jpg"
  },
  {
    "State": "Nebraska",
    "City": "Lincoln",
    "Name": "Foodnet - Lakeview United Methodist Church",
    "Description": "Provides a food pantry.  All we ask for is your name and how many people live in your house. Pantry hours: Thursday: 5pm",
    "Address": "230 Capitol Beach Blvd\nLincoln, NE 68528",
    "Phone": "402-416-6197",
    "FoodPantriesImage": "https://www.foodpantries.org/gallery/no_photo_9.jpg"
  },
  {
    "State": "Nebraska",
    "City": "Lincoln",
    "Name": "Foodnet - Lincoln Christian Fellowship",
    "Description": "Provides a food pantry.  All we ask for is your name and how many people live in your house. Pantry hours: Monday: 12pm",
    "Address": "4111 NW 44th St\nLincoln, NE 68524",
    "Phone": "402-416-6197",
    "FoodPantriesImage": "https://www.foodpantries.org/gallery/no_photo_7.jpg"
  },
  {
    "State": "Nebraska",
    "City": "Lincoln",
    "Name": "Foodnet - One 80",
    "Description": "Provides a food pantry.  All we ask for is your name and how many people live in your house.&nbsp;PLEASE BE AWARE THAT FOR SAFETY CONCERNS SINCE THE SITES ARE LIMITED ON SPACE, CHILDREN DO NOT ENTER THE DISTRIBUTION SITE.HANDICAPPED ACCESSIBLE.DISTRIBUTION SITES:Last update Feb 2, 2016Sunday3:00 pm &nbsp;",
    "Address": "2820 O St\nLincoln, NE 68510",
    "Phone": "402-416-6197",
    "FoodPantriesImage": "https://www.foodpantries.org/gallery/28566_foodnet_one_80_68510_kri.jpg"
  },
  {
    "State": "Nebraska",
    "City": "Lincoln",
    "Name": "Foodnet - Pentecostal Church",
    "Description": "Provides a food pantry.  All we ask for is your name and how many people live in your house. Pantry hours: Tuesdays 5pm",
    "Address": "2441 N 9th St\nLincoln, NE 68521",
    "Phone": "402-416-6197",
    "FoodPantriesImage": "https://www.foodpantries.org/gallery/no_photo_7.jpg"
  },
  {
    "State": "Nebraska",
    "City": "Lincoln",
    "Name": "Foodnet - Southview Christian Church",
    "Description": "Provides a food pantry.  All we ask for is your name and how many people live in your house. Pantry hours: Monday: 5pm",
    "Address": "2040 S 22nd St\nLincoln, NE 68502",
    "Phone": "402-416-6197",
    "FoodPantriesImage": "https://www.foodpantries.org/gallery/no_photo_5.jpg"
  },
  {
    "State": "Nebraska",
    "City": "Lincoln",
    "Name": "Foodnet - St Mary's Catholic Church",
    "Description": "Provides a food pantry.  All we ask for is your name and how many people live in your house. Pantry hours: Saturday: 1pm",
    "Address": "1420 K St\nLincoln, NE 68508",
    "Phone": "402-416-6197",
    "FoodPantriesImage": "https://www.foodpantries.org/gallery/no_photo_1.jpg"
  },
  {
    "State": "Nebraska",
    "City": "Lincoln",
    "Name": "Foodnet - Zion Church",
    "Description": "Provides a food pantry.  All we ask for is your name and how many people live in your house. Pantry hours: Saturday: 10:30am",
    "Address": "110 West F Street\nLincoln, NE 68502",
    "Phone": "402-416-6197",
    "FoodPantriesImage": "https://www.foodpantries.org/gallery/no_photo_8.jpg"
  },
  {
    "State": "Nebraska",
    "City": "Lincoln",
    "Name": "Foodnet-Capitol View Seventh-Day Adventist Church",
    "Description": "Provides a food pantry.  All we ask for is your name and how many people live in your house. Pantry hours: Sundays at 2 pm.",
    "Address": "1640 A St\nLincoln, NE 68502",
    "Phone": "402-416-6197",
    "FoodPantriesImage": "https://www.foodpantries.org/gallery/no_photo_2.jpg"
  },
  {
    "State": "Nebraska",
    "City": "Lincoln",
    "Name": "Foodnet - Grace United Methodist Church",
    "Description": "Provides a food pantry.  All we ask for is your name and how many people live in your house. Pantry hours: Thursday: 5pm",
    "Address": "2640 R Street\nLincoln, NE 68503",
    "Phone": "402-416-6197",
    "FoodPantriesImage": "https://www.foodpantries.org/gallery/no_photo_2.jpg"
  },
  {
    "State": "Nebraska",
    "City": "Lincoln",
    "Name": "Foodnet - Calvary United Methodist Church",
    "Description": "Provides a food pantry.  All we ask for is your name and how many people live in your house. Pantry hours: Thursday: 6:30pm",
    "Address": "1610 S 11th St\nLincoln, NE 68502",
    "Phone": "402-416-6197",
    "FoodPantriesImage": "https://www.foodpantries.org/gallery/no_photo_9.jpg"
  },
  {
    "State": "Nebraska",
    "City": "Lincoln",
    "Name": "Foodnet - Christo Rey Catholic Church",
    "Description": "Provides a food pantry.  All we ask for is your name and how many people live in your house. Pantry hours: Wednesdays 6pm",
    "Address": "4221 J St\nLincoln, NE 68510",
    "Phone": "402-416-6197",
    "FoodPantriesImage": "https://www.foodpantries.org/gallery/no_photo_7.jpg"
  },
  {
    "State": "Nebraska",
    "City": "Lincoln",
    "Name": "Foodnet - Church of Christ",
    "Description": "Provides a food pantry.  All we ask for is your name and how many people live in your house. Pantry hours: Tuesdays 5pm",
    "Address": "3110 N 1st St\nLincoln, NE 68521",
    "Phone": "402-416-6197",
    "FoodPantriesImage": "https://www.foodpantries.org/gallery/no_photo_3.jpg"
  },
  {
    "State": "Nebraska",
    "City": "Lincoln",
    "Name": "Good Neighbor Community Center",
    "Description": "Provides a food pantry.  All we ask for is your name and how many people live in your house. Pantry hours: We distribute food pantries by appointment Monday through Thursday 10-2 and Friday 10-noon.\r\nWe have Perishables on Monday and Wednesday mornings, 10-noon.",
    "Address": "2617 Y Street\nLincoln, NE 68503",
    "Phone": "402-416-6197",
    "FoodPantriesImage": "https://www.foodpantries.org/gallery/no_photo_3.jpg"
  },
  {
    "State": "Nebraska",
    "City": "Lincoln",
    "Name": "First Presbyterian Church Mobile Food Pantry",
    "Description": "Provides a food pantry.  Call ahead to confirm and verify what information you should bring along. Pantry hours: 1st and 3rd Saturday: 10-11:30am",
    "Address": "840 S. 17th St\nLincoln, NE 68508",
    "Phone": "402-730-6339",
    "FoodPantriesImage": "https://www.foodpantries.org/gallery/no_photo_9.jpg"
  },
  {
    "State": "Nebraska",
    "City": "Lincoln",
    "Name": "Foodnet",
    "Description": "Provides a food pantry.  All we ask for is your name and how many people live in your house. Pantry hours: 11:25am on 2nd and 4th Saturdays (if the month has 4 Saturdays) or 1st, 3rd and 5th Saturdays (if month has 5 Saturdays)",
    "Address": "7921 Sandalwood Dr\nLincoln, NE 68510",
    "Phone": "402-416-6197",
    "FoodPantriesImage": "https://www.foodpantries.org/gallery/no_photo_7.jpg"
  },
  {
    "State": "Nebraska",
    "City": "Lincoln",
    "Name": "Calvert Recreation Center",
    "Description": "Provides a food pantry.  All we ask for is your name and how many people live in your house. Pantry hours: Mondays at 11am",
    "Address": "4500 Stockwell St\nLincoln, NE 68506",
    "Phone": "402-416-6197",
    "FoodPantriesImage": "https://www.foodpantries.org/gallery/no_photo_4.jpg"
  },
  {
    "State": "Nebraska",
    "City": "Lincoln",
    "Name": "Carol Yoakum Fam Center",
    "Description": "Provides a food pantry.  Pantry hours: Monday: 5-6pm (First 4 weeks of the month)",
    "Address": "4621 N 48th St\nLincoln, NE 68504",
    "Phone": "402-434-2621",
    "FoodPantriesImage": "https://www.foodpantries.org/gallery/no_photo_5.jpg"
  },
  {
    "State": "Nebraska",
    "City": "Lincoln",
    "Name": "Catholic Social Services",
    "Description": "Provides a food pantry.  Call ahead to confirm and verify what information you should bring along. Pantry hours: Monday, Tuesday, Thursday, Friday: 9am to 12pm; Wednesdays 10am-12pm",
    "Address": "2241 O St\nLincoln, NE 68510",
    "Phone": "402-474-1600",
    "FoodPantriesImage": "https://www.foodpantries.org/gallery/no_photo_8.jpg"
  },
  {
    "State": "Nebraska",
    "City": "Lincoln",
    "Name": "Center for People in Need",
    "Description": "Provides a food pantry.  Call ahead to confirm and verify what information you should bring along. Pantry Hours: Tuesday 5:00pm - 6:00pm (Neighborhood FOOD)Wednesday 2:30pm (Foodnet)",
    "Address": "3901 N. 27th Street\nLincoln, NE 68521",
    "Phone": "(402) 476-4357",
    "FoodPantriesImage": "https://www.foodpantries.org/gallery/28553_center_for_people_in_need_68521_eam.jpg"
  },
  {
    "State": "Nebraska",
    "City": "Lincoln",
    "Name": "Indian Center, Inc",
    "Description": "Provides a food pantry.  Call ahead to confirm and verify what information you should bring along. Pantry hours: Monday, Wednesday, Friday: 1-3pm; Perishables: Tuesdays 1pm; Thursday: 10am",
    "Address": "1100 Military Rd\nLincoln, NE 68508",
    "Phone": "402-438-5231",
    "FoodPantriesImage": "https://www.foodpantries.org/gallery/no_photo_3.jpg"
  },
  {
    "State": "Nebraska",
    "City": "Lincoln",
    "Name": "Foodnet-Northwest Lincoln Church of Christ",
    "Description": "Provides a food pantry.  All we ask for is your name and how many people live in your house. Pantry hours: Tuesdays at 5pm",
    "Address": "3110 N 1st St\nLincoln, NE 68521",
    "Phone": "402-416-6197",
    "FoodPantriesImage": "https://www.foodpantries.org/gallery/no_photo_10.jpg"
  },
  {
    "State": "Nebraska",
    "City": "Milford",
    "Name": "Foodnet-Milford Fire Hall",
    "Description": "Provides a food pantry.  All we ask for is your name and how many people live in your house. Pantry hours: Fridays at 5:30pm",
    "Address": "612 1st St\nMilford, NE 68405",
    "Phone": "402-416-6197",
    "FoodPantriesImage": "https://www.foodpantries.org/gallery/no_photo_4.jpg"
  },
  {
    "State": "Nebraska",
    "City": "Nebraska City",
    "Name": "Southeast Nebraska Community Action (SENCA)",
    "Description": "On Thursdays by appointment. Please call",
    "Address": "917 Wildwood Ln STE M\nNebraska City, NE 68410",
    "Phone": "402-873-6459",
    "FoodPantriesImage": "https://www.foodpantries.org/gallery/36658_southeast-nebraska-community-action-senca_gpl.jpg"
  },
  {
    "State": "Nebraska",
    "City": "Norfolk",
    "Name": "The Salvation Army - Norfolk, NE",
    "Description": "Food Pantry open&nbsp;Mondays 9am-12pm, 1pm-4pm,&nbsp;Wednesdays 9am-12pm, 1pm-4pm,&nbsp;Fridays 9am-12pm&nbsp;Please bring a picture ID, proof of address and proof of all in the household.",
    "Address": "112 N 7th St\nNorfolk, NE 68701",
    "Phone": "402-379-4663",
    "FoodPantriesImage": "https://www.foodpantries.org/gallery/36050_the-salvation-army-norfolk-ne_ive.jpg"
  },
  {
    "State": "Nebraska",
    "City": "Norfolk",
    "Name": "Goldenrod Hills Community",
    "Description": "Clients can only access the food pantry three times in one year; after that they will receive one-on-one budgeting assistance in order to receive anymore food pantries in a 12 month period. Appointments are preferred however no one will be turned away when an eminent need for nutrition is present. A seven day supply of food is provided to those waiting to get on food stamps. Clients that access th",
    "Address": "1405 Riverside Blvd\nNorfolk, NE 68701",
    "Phone": "(402) 371-0377",
    "FoodPantriesImage": "https://www.foodpantries.org/gallery/no_photo_7.jpg"
  },
  {
    "State": "Nebraska",
    "City": "North Platte",
    "Name": "The Salvation Army North Platte",
    "Description": "Food Pantry Hours: Monday - Thursday9:00am - 4:00pm Application needs filled out with: picture ID, social security cards for EVERYONE in the household, proof of employment for EVERYONE in the household, rent receipt, electric AND gas bill dated last 30 days.  Pantry may be used once every 90 days.",
    "Address": "1020 North Adams Ave.\nNorth Platte, NE 69101",
    "Phone": "(308) 532-2038",
    "FoodPantriesImage": "https://www.foodpantries.org/gallery/32536_the-salvaton-army_ade.jpg"
  },
  {
    "State": "Nebraska",
    "City": "Omaha",
    "Name": "Loaves & Fishes Westminster Presbyterian Church",
    "Description": "Fresh produce, meat and breads from Trader Joe's.\r\nHours Monday 10:00am - 10:30am",
    "Address": "3416 Woolworth Ave\nOmaha, NE 68105",
    "Phone": "402-345-5423",
    "FoodPantriesImage": "https://www.foodpantries.org/gallery/32372_church_frnt_angle.JPG"
  },
  {
    "State": "Nebraska",
    "City": "Omaha",
    "Name": "Together, Inc",
    "Description": "Pantry Hours:Monday-Thursday 10:00am - 3:30pmFriday10:00am - 2:00pmSaturday-SundayClosedTogether Inc is a Local and Independent Community Food Bank. We work with community based organizations to find solutions for their food needs.  \r\n\r\nAs a USDA Food Bank in Nebraska, we receive Government Commodity food that we redistribute to are",
    "Address": "812 S 24th Street\nOmaha, NE 68102",
    "Phone": "402-345-8047",
    "FoodPantriesImage": "https://www.foodpantries.org/gallery/1281_ne-together-inc_aat.jpg"
  },
  {
    "State": "Nebraska",
    "City": "Omaha",
    "Name": "Community Cupboard Church Food Pantry",
    "Description": "Countryside Community Church in Omaha, NE. has partnered with the Food Bank of the Heartland to provide a year-round, mobile food pantry, called Community Cupboard.Hours:The first Saturday of each month from 9:30am - 11:30amIn the Truhlsen Community Center at Countryside Church.\r\n\r\nThe pantry will resemble a farmer's market/grocery store design, where a fe",
    "Address": "8787 Pacific Street\nOmaha, NE 68114",
    "Phone": "(402) 391-0350",
    "FoodPantriesImage": "https://www.foodpantries.org/gallery/1442_ne-community-cupboard_bod.jpg"
  },
  {
    "State": "Nebraska",
    "City": "Omaha",
    "Name": "Eastern Nebraska Community Action Partnership  - Nutrition Center",
    "Description": "Commodity Supplemental Food Program provides food packages to women, children and seniors.We serve approximately 3,000 clients in 4 counties each month through our very popular Commodity Supplemental Food Program (CSFP)! What is CSFP? A supplemental food package program.&nbsp; This food package program is designed to supplement protein and several types of vitamins and minerals ",
    "Address": "2406 Fowler Ave.\nOmaha, NE 68111",
    "Phone": "(402) 453-5656",
    "FoodPantriesImage": "https://www.foodpantries.org/gallery/3787_eastern_nebraska_community_action_partnership_nutrition_center_izy.jpg"
  },
  {
    "State": "Nebraska",
    "City": "Omaha",
    "Name": "Vineyard Food Assistance - Omaha",
    "Description": "Food Assistance Hours:3rd Saturday of every month 9:00am-11:30am Vineyard Food Assistance is open to everyone. We offer both perishable and non-perishable items. We are located at the Crossroads Mall at 72nd &amp; Dodge, just west of the Target store. Enter through through our doors on the south side.We serve groceries, coffee, and a hot meal. Please look for the sign. ",
    "Address": "7400 Dodge St. \nOmaha, NE 68124",
    "Phone": "(402) 393-9077",
    "FoodPantriesImage": "https://www.foodpantries.org/gallery/32608_omaha-vineyard-food-pantry_bkl.jpg"
  },
  {
    "State": "Nebraska",
    "City": "Omaha",
    "Name": "Chabad House Pantry",
    "Description": "Hours: Monday - Wednesday9:00am - 5:00pm ",
    "Address": "1866 Sth 120th Street\nOmaha, NE 68144",
    "Phone": "(402) 330-1800",
    "FoodPantriesImage": "https://www.foodpantries.org/gallery/36694_chabad-house-pantry_hck.jpg"
  },
  {
    "State": "Nebraska",
    "City": "Omaha",
    "Name": "The Salvation Army - Material Assistance Department",
    "Description": "The Material Assistance and Seasonal Services Program is located at the Burrows Center. This program offers food pantry assistance, clothing assistance, household items, prescription medications, utility assistance (Metropolitan Utility District Heat Aid, Black Hills Heat Share), Fire victim's assistance, and referral services.Seasonal Services include the Summer Fan Program, Back to S",
    "Address": "6101 NW Radial HWY\nOmaha, NE 68104",
    "Phone": "(402) 898-5860",
    "FoodPantriesImage": "https://www.foodpantries.org/gallery/28588_the_salvation_army_material_assistance_department_68131_liy.png"
  },
  {
    "State": "Nebraska",
    "City": "Omaha",
    "Name": "Heartland Hope Mission",
    "Description": "You may visit the food and clothing pantry once every 30 days.Senior Citizens (age 60 or older) and the disabled (proof of disability required) may visit every 21 days.Hours:South O pantry (2021 U Street)Tuesday 6:30 pm-7:30 pmThursday 1:30 pm-4:00 pmSaturday 9:30 am-12:00 pmMillard pantry (5321 S. 139th Plaza)2nd Saturday of the month 10:30 ",
    "Address": "2021 U Street\nOmaha, NE 68107",
    "Phone": "(402) 733-1904",
    "FoodPantriesImage": "https://www.foodpantries.org/gallery/28582_mission_for_all_nations_68107_zlj.jpg"
  },
  {
    "State": "Nebraska",
    "City": "Omaha",
    "Name": "Kountze Memorial Church Pantry",
    "Description": "Provides a food pantry.  Hours of Operation: Monday 10:00am - 1:00pmWhen a national holiday falls on a Monday or if Omaha Public Schools cancels classes due to snow, the Food Pantry will be closed and resumes the following Monday.- Pantry guests are welcome to come every week.- No specific paperwork or forms of identification are required.\r\n",
    "Address": "2650 Farnam Street\nOmaha, NE 68131",
    "Phone": "(402) 341-7761",
    "FoodPantriesImage": "https://www.foodpantries.org/gallery/28580_kountze_memorial_church_pantry_68131_zpa.jpg"
  },
  {
    "State": "Nebraska",
    "City": "Omaha",
    "Name": "Timberlake Outreach Center - Open Door Mission",
    "Description": "The Timberlake Outreach Center has enabled families to remain in their own homes by supplementing their incomes through preventive measures, such as providing monthly assistance with food, clothing, household goods, furniture and appliances. The Timberlake Outreach Center currently makes a positive difference in the lives of more than 7,500 individuals every month. ",
    "Address": "2828 North 23rd Street East\nOmaha, NE 68110",
    "Phone": "(402) 422-1111",
    "FoodPantriesImage": "https://www.foodpantries.org/gallery/32454_timberlake-outreach-center_ghc.png"
  },
  {
    "State": "Nebraska",
    "City": "Omaha",
    "Name": "A Hand Up Food Pantry",
    "Description": "Those in need come to the church for bags of food the schedule is as follow: Thursday3:30 pm - 5:30 pm",
    "Address": "216 South 34th Street\nOmaha, NE 68131",
    "Phone": "(402) 345-5383",
    "FoodPantriesImage": "https://www.foodpantries.org/gallery/33095_a-hand-up-food-pantry_mst.jpg"
  },
  {
    "State": "Nebraska",
    "City": "Omaha",
    "Name": "Society of St. Vincent de Paul Food Pantry",
    "Description": "402-341-1688 option 2Open Tuesday and Thursdays \r\n9:00am - 12:30pm.Requirements:\r\n1.  Photo Identification\r\n2.  Proof of mailing address\r\n3.  Social Security numbers for all in the household.The pantry is located in the same building as the downtown St. Vincent de Paul Store.",
    "Address": "2101 Leavenworth Street\nOmaha, NE 68102",
    "Phone": "402-341-1688",
    "FoodPantriesImage": "https://www.foodpantries.org/gallery/no_photo_9.jpg"
  },
  {
    "State": "Nebraska",
    "City": "Omaha",
    "Name": "First Lutheran Church's Food Pantry",
    "Description": "Food Pantry Hours: \r\n2nd, 3rd &amp; 4th weeks of the month (T-W-TH) from 1 to 2:30 pm. \r\nPhoto ID or Consulate Card, SSN, and proof of address required. \r\nOne pantry per 30 days.\r\n\r\nClothing Closet Available: same hours as pantry. \r\n\r\nQuestions: Contact the Church Office at 402-345-7506\r\n",
    "Address": "542 S. 31st Street\nOmaha, NE 68105",
    "Phone": "402-345-7506",
    "FoodPantriesImage": "https://www.foodpantries.org/gallery/34165_first-lutheran-churchs-food-pantry_han.png"
  },
  {
    "State": "Nebraska",
    "City": "Omaha",
    "Name": "Food Bank for the Heartland",
    "Description": "Food Bank for the Heartland is a nonprofit organization in Omaha, Nebraska committed to helping individuals and families who\r\n struggle with hunger. We work with more than 225 pantries, emergency \r\nshelters, meal providers and other nonprofit organizations in 93 \r\ncounties in Nebraska and western Iowa.For more information, please call.",
    "Address": "10525 J St\nOmaha, NE 68127",
    "Phone": "(402) 331-1213",
    "FoodPantriesImage": "https://www.foodpantries.org/gallery/34516_food-bank-for-the-heartland_xtz.jpg"
  },
  {
    "State": "Nebraska",
    "City": "Omaha",
    "Name": "Heart Ministry Center",
    "Description": "At Omaha's first choice food pantry, a family of five can receive up to eight bags of groceries per week. Clients can select from a wide variety of snacks, meats, cheeses, juices and basic staple items. While shopping, a client can also sample healthy food recipes, all of which include ingredients available in the pantry. Volunteers then carry groceries to a client's car or may even drive the indi",
    "Address": "2222 Binney St\nOmaha, NE 68110",
    "Phone": "(402) 451-2321",
    "FoodPantriesImage": "https://www.foodpantries.org/gallery/34518_lfyogyatzm.jpg"
  },
  {
    "State": "Nebraska",
    "City": "Omaha",
    "Name": "St. Martin de Porres (Catholic Charities)",
    "Description": "Hours of operation are Monday, Tuesday, Friday 9:00am to 12:45pm. You will need to bring social security cards for yourself and all household members. You will need a piece of mail postmarked within the last 30 days in your name (P.O boxes are not accepted as an address), and your photo ID. You can apply for a pantry once every thirty days. You are expected to bring all required documentation with",
    "Address": "2111 Emmet Street\nOmaha, NE 68110",
    "Phone": "402-939-4684",
    "FoodPantriesImage": "https://www.foodpantries.org/gallery/no_photo_7.jpg"
  },
  {
    "State": "Nebraska",
    "City": "Omaha",
    "Name": "FaithWorks Pantry Place",
    "Description": "This is a FREE food program for low income families and those in need. \r\n\r\nPlease bring a photo ID and proof of address. There will be an application available onsite that will need to be  filled out.\r\n\r\nHours:Every Third Wednesday of the Month\r\n5:00 pm to 7:00 pm\r\nEvery Fourth Saturday of the Month\r\n10:00 am to 12:00 pm ",
    "Address": "4892 Oaks Lane\nOmaha, NE 68137",
    "Phone": "402-895-3394",
    "FoodPantriesImage": "https://www.foodpantries.org/gallery/35972_faithworks-pantry-place_byw.png"
  },
  {
    "State": "Nebraska",
    "City": "Omaha",
    "Name": "Project Hope, Inc.",
    "Description": "Project Hope, Inc. is a member of the Omaha Food Pantry Association. The Project distribute food and clothing pantry ministering to people in need with a spirit of hope, love, encouragement, compassion, respect and teamwork.  Pantry Requirements:-Photo ID for Head of Household-Social Security Card for every household member-Piece of mail with current address-We help c",
    "Address": "6201 N. 60th St.\nOmaha, NE 68104",
    "Phone": "(402)453-7649",
    "FoodPantriesImage": "https://www.foodpantries.org/gallery/36332_project-hope-inc_ktp.jpg"
  },
  {
    "State": "Nebraska",
    "City": "Omaha",
    "Name": "Living Hope UMC -  Pearl Food Pantry",
    "Description": "The Living Hope UMC Food Pantry is open to all of God's people, regardless of denomination, income, and location within the Omaha metro area.\r\n\r\nNo referral is needed. It should also be noted that two forms of mail are not required or social security cards for members of the family or IDs. Hours:Monday - Friday 10:00am - 4:00pm Unless it is a major holiday and t",
    "Address": "2919 State Street\nOmaha, NE 68112",
    "Phone": "402-614-7452",
    "FoodPantriesImage": "https://www.foodpantries.org/gallery/36362_living-hope-food-pantry_mwl.txt"
  },
  {
    "State": "Nebraska",
    "City": "Omaha",
    "Name": "Heartland Hope Mission Pantry",
    "Description": "For more information, please call.",
    "Address": "5210 S 21st Ave.\nOmaha, NE 68107",
    "Phone": "(402) 733-2077",
    "FoodPantriesImage": "https://www.foodpantries.org/gallery/no_photo_8.jpg"
  },
  {
    "State": "Nebraska",
    "City": "Omaha",
    "Name": "Marshall Drive Pantry",
    "Description": "For more information, please call.",
    "Address": "4845 Marshall Drive\nOmaha, NE 68137",
    "Phone": "",
    "FoodPantriesImage": "https://www.foodpantries.org/gallery/no_photo_7.jpg"
  },
  {
    "State": "Nebraska",
    "City": "Omaha",
    "Name": "Westside Church",
    "Description": "For more information, please call.",
    "Address": "15050 West Dodge Rd\nOmaha, NE 68154",
    "Phone": "(402) 496-7833",
    "FoodPantriesImage": "https://www.foodpantries.org/gallery/37488_ne_68154_westside-church_tbs.jpg"
  },
  {
    "State": "Nebraska",
    "City": "Omaha",
    "Name": "Millard Food Pantry",
    "Description": "We are offering a food box.Hours:The last Saturday of every month10:00 am- 11:30 am There are no special requirements or restrictions. Everyone is welcomed to come and receive a food box. ",
    "Address": "14633 Industrial Road\nOmaha, NE 68144",
    "Phone": "(402) 763-6050",
    "FoodPantriesImage": "https://www.foodpantries.org/gallery/no_photo_3.jpg"
  },
  {
    "State": "Nebraska",
    "City": "Omaha",
    "Name": "Kountz Memorial Church",
    "Description": "Hours of Operation:Monday10:00am - 1:00pm",
    "Address": "2650 Farnam St\nOmaha, NE 68105",
    "Phone": "(402) 341-1612",
    "FoodPantriesImage": "https://www.foodpantries.org/gallery/37538_kountz-memorial-church_erx.jpg"
  },
  {
    "State": "Nebraska",
    "City": "Omaha",
    "Name": "Hope West",
    "Description": "Hope West is an emergency food pantry located on the lower level of Rejoice! Lutheran Church on the west side of the building.  We provide food to assist families for a few days when their pantry is running low.  We assist clients with food on an emergency basis to last them 2-3 days.\r\n We have meat, fresh produce and canned goods. We are open on Tuesdays from noon – 5pm,",
    "Address": "2556 South 138th Street\nOmaha, NE 68144",
    "Phone": "(402) 932-0084",
    "FoodPantriesImage": "https://www.foodpantries.org/gallery/38262_hope-west_jfv.png"
  },
  {
    "State": "Nebraska",
    "City": "Plattsmouth",
    "Name": "SENCA Plattsmouth Food Pantry",
    "Description": "Hours:Monday - Friday12:00pm to 1:00 pm Participating Community Action Outreach Offices/Senior Centers.&nbsp;&nbsp; Enjoy a nutritious \"madefromscratch\" noon meal for less than $5.&nbsp;&nbsp; Suggested contributions may vary by location.&nbsp;&nbsp;&nbsp;&nbsp; ",
    "Address": "119 1/2 N 6th street\nPlattsmouth, NE 68048",
    "Phone": "402-297-7418",
    "FoodPantriesImage": "https://www.foodpantries.org/gallery/no_photo_3.jpg"
  },
  {
    "State": "Nebraska",
    "City": "Rushville",
    "Name": "NCAP-Outreach Office",
    "Description": "Food pantry items for families in need.  We also have commodities available once a month.  We serve all of Sheridan County.",
    "Address": "207 S Main\nRushville, NE 69360",
    "Phone": "308-327-2877",
    "FoodPantriesImage": "https://www.foodpantries.org/gallery/no_photo_3.jpg"
  },
  {
    "State": "Nebraska",
    "City": "Seward",
    "Name": "Seward Foodnet",
    "Description": "The Seward Foodnet is a nonprofit organization that seeks to salvage food that has met its shelf life and leftover foods, properly refrigerated or frozen, from events/celebrations/etc and distribute it to those in need.\r\n\r\nTo receive food, Foodnet only asks for your name and the number of people living in your home.\r\n\r\nThe Foodnet Hours:Thursday 5:30pmThanksgivin",
    "Address": "1400 North 5th Street\nSeward, NE 68434",
    "Phone": "(402) 643-6951",
    "FoodPantriesImage": "https://www.foodpantries.org/gallery/32643_seward-foodnet_cqa.jpg"
  },
  {
    "State": "Nebraska",
    "City": "Sidney",
    "Name": "Western Nebraska Food Bank",
    "Description": "Western Nebraska Food Bank is located on Hickory St near 8th Avenue. Please contact them directly for more detailed information.",
    "Address": "825 Hickory St\nSidney, NE 69162",
    "Phone": "(308) 254-1095",
    "FoodPantriesImage": "https://www.foodpantries.org/gallery/no_photo_4.jpg"
  },
  {
    "State": "Nebraska",
    "City": "Snyder",
    "Name": "Faith Food Pantry",
    "Description": "Second Saturday of each month.\r\nArrive at pantry between 8-9 am.  Food distribution begins at 9 am.  \r\nHelpful to bring laundry baskets to carry food.  We have cardboard boxes available, too.  \r\nThis is a cooperative effort of 8 area churches and is a TEFAP (The Emergency Food Assistance Pantry) pantry in conjunction with the USDA.  ",
    "Address": "203 Ash Street\nSnyder, NE 68664",
    "Phone": "402-721-0884",
    "FoodPantriesImage": "https://www.foodpantries.org/gallery/no_photo_4.jpg"
  },
  {
    "State": "Nebraska",
    "City": "South Sioux City",
    "Name": "NE Nebraska Community Action Agency",
    "Description": "Provides: Food Pantry. Dakota County Residents Only.Hours:Monday - Friday9:00am - 4:00pmFor more information, please call.",
    "Address": "2120 Dakota Ave.\nSouth Sioux City, NE 68776",
    "Phone": "(402) 385-6300",
    "FoodPantriesImage": "https://www.foodpantries.org/gallery/38152_ne_nebraska_-So._Si-68776_iab.png"
  },
  {
    "State": "Nebraska",
    "City": "Springfield",
    "Name": "Springfield Food Pantry",
    "Description": "For more information, please call.",
    "Address": "480 Main Street\nSpringfield, NE 68059",
    "Phone": "(402) 253-2270",
    "FoodPantriesImage": "https://www.foodpantries.org/gallery/no_photo_6.jpg"
  },
  {
    "State": "Nebraska",
    "City": "Wymore",
    "Name": "Wymore Food Pantry",
    "Description": "HoursThird Monday of each month 8:00am - 10:00am",
    "Address": "101 S 7th Street\nWymore, NE 68466",
    "Phone": "402-645-8252",
    "FoodPantriesImage": "https://www.foodpantries.org/gallery/no_photo_4.jpg"
  }
]