[
  {
    "State": "West Virginia",
    "City": "Ansted",
    "Name": "Multi-CAP - Ansted",
    "Description": "Provides a food pantry.  Serves Fayette County",
    "Address": "132 East Main St\nAnsted, WV 25812",
    "Phone": "(304) 658-5805",
    "FoodPantriesImage": "https://www.foodpantries.org/gallery/no_photo_10.jpg"
  },
  {
    "State": "West Virginia",
    "City": "Ashton",
    "Name": "Crosslight of Hope",
    "Description": "Serving the Southern end of Mason County with food, furniture and clothing. \r\n\r\nOpen Monday and Tuesday 9 a.m. to 5 p.m.\r\n\r\nClosed the first Monday and last Tuesday of every month\r\n\r\nThere is a qualification process for food and furniture, but clothing is open to anyone in need. Come shop with us!",
    "Address": "33483 Huntington Road \nAshton, WV 25503",
    "Phone": "304-576-2971",
    "FoodPantriesImage": "https://www.foodpantries.org/gallery/no_photo_6.jpg"
  },
  {
    "State": "West Virginia",
    "City": "Beckley",
    "Name": "Salvation Army - Beckley",
    "Description": "Provides a food pantry.  Serves Raleigh County. Please call for more information.",
    "Address": "312 South Fayette Street\nBeckley, WV 25801",
    "Phone": "304-253-9541",
    "FoodPantriesImage": "https://www.foodpantries.org/gallery/no_photo_5.jpg"
  },
  {
    "State": "West Virginia",
    "City": "Beckley",
    "Name": "Raleigh County Community Action Association Inc",
    "Description": "Provides a food pantry.  Serves Raleigh County",
    "Address": "299 Grey Flats Road\nBeckley, WV 25801",
    "Phone": "(304) 252-6396",
    "FoodPantriesImage": "https://www.foodpantries.org/gallery/no_photo_6.jpg"
  },
  {
    "State": "West Virginia",
    "City": "Belle",
    "Name": "Belle Ministerial Association Food Pantry",
    "Description": "Provides a food pantry.  Serves Belle, Quincy. Documentation Required: Referral from DHHR. Pantry Hours: Monday - Thursday 8:30am - 2:30pm Friday 8:30am - 11:30am",
    "Address": "320 East 8th Street\nBelle, WV 25015",
    "Phone": "(304) 949-3126",
    "FoodPantriesImage": "https://www.foodpantries.org/gallery/32074_belle_ministerial_association_food_pantry_25015_zdh.jpg"
  },
  {
    "State": "West Virginia",
    "City": "Berkeley Springs",
    "Name": "Saint Vincent De Paul Society",
    "Description": "Provides a food pantry.  Serves Morgan County. For more information, please call.",
    "Address": "67 Liberty St\nBerkeley Springs, WV 25411",
    "Phone": "(304) 258-1311",
    "FoodPantriesImage": "https://www.foodpantries.org/gallery/no_photo_3.jpg"
  },
  {
    "State": "West Virginia",
    "City": "Berkeley Springs",
    "Name": "Berkeley Baptist Church Pantry",
    "Description": "They receive their food shipments on the first Thursday of the month and they distribute it the following Tuesday. Food Pantry Hours: 11:00am - 1:00pm",
    "Address": "172 Winchester Grade Rd\nBerkeley Springs, WV 25411",
    "Phone": "(304) 258-4101",
    "FoodPantriesImage": "https://www.foodpantries.org/gallery/34082_berkeley-baptist-church_drb.png"
  },
  {
    "State": "West Virginia",
    "City": "Berkley Springs",
    "Name": "Morgan County Emergency Assistance Team (M.C.E.A.T)",
    "Description": "Provides a food pantry.  Serves Morgan County Provides food, financial & fuel assistance in emergency. Call for more information. ",
    "Address": "44 Bath Street\nBerkley Springs, WV 25411",
    "Phone": "(304) 258-1530",
    "FoodPantriesImage": "https://www.foodpantries.org/gallery/no_photo_4.jpg"
  },
  {
    "State": "West Virginia",
    "City": "Birch River",
    "Name": "Birch River Distribution Center ",
    "Description": "We are open  Monday &amp; Wednesdays 10-6\r\n                       Friday 10-8\r\n\r\nWe have food, cleaning supplies, personal hygiene supplies @ clothing.\r\n",
    "Address": "35 powells creek rd\nBirch River, WV 26610",
    "Phone": "304-667-5116",
    "FoodPantriesImage": "https://www.foodpantries.org/gallery/no_photo_10.jpg"
  },
  {
    "State": "West Virginia",
    "City": "Bluefield",
    "Name": "Salvation Army - Bluefield",
    "Description": "Provides a food pantry.  Serves Mcdowell County, Mercer County Pantry hours: Mondays through Fridays 9am - 5pm, Closed 12pm -1pm",
    "Address": "900 Highland Avenue\nBluefield, WV 24701",
    "Phone": "(304) 327-7411",
    "FoodPantriesImage": "https://www.foodpantries.org/gallery/no_photo_2.jpg"
  },
  {
    "State": "West Virginia",
    "City": "Bluefield",
    "Name": "Christ Episcopal Church",
    "Description": "Provides a food pantry.  Serves Mercer County Pantry hours: Third and Fourth Thursday of every month: 9:00am -12:00pm",
    "Address": "200 Duhring Street\nBluefield, WV 24701",
    "Phone": "(304) 327-6861",
    "FoodPantriesImage": "https://www.foodpantries.org/gallery/no_photo_5.jpg"
  },
  {
    "State": "West Virginia",
    "City": "Bluefield",
    "Name": "Community Action of South Eastern WV",
    "Description": "Provides a food pantry.  Serves Mercer County Pantry hours: Monday-Friday: 8:00 am - 4:30 pm",
    "Address": "307 Federal Street, Suite 323\nBluefield, WV 24701",
    "Phone": "(304) 327-3506",
    "FoodPantriesImage": "https://www.foodpantries.org/gallery/no_photo_4.jpg"
  },
  {
    "State": "West Virginia",
    "City": "Bluefield",
    "Name": "Bluefield Union Mission",
    "Description": "Provides a food pantry.  Serves Mercer County, Bland County, Buchanan County &amp; Tazewell County Pantry Hours: Monday through Friday 9:00am - 4:00pm",
    "Address": "2203 Bluefield Avenue\nBluefield, WV 24701",
    "Phone": "(304) 327-8167",
    "FoodPantriesImage": "https://www.foodpantries.org/gallery/32075_bluefield_union_mission_24701_xzz.jpg"
  },
  {
    "State": "West Virginia",
    "City": "Bluefield",
    "Name": "Sacred Heart Catholic Church",
    "Description": "",
    "Address": "1017 Wyoming St\nBluefield, WV 24701",
    "Phone": "(304) 327-5623",
    "FoodPantriesImage": "https://www.foodpantries.org/gallery/no_photo_8.jpg"
  },
  {
    "State": "West Virginia",
    "City": "Buckhannon",
    "Name": "Cross Lines Information and Help Agency",
    "Description": "Provides a food pantry.  Serves Upshur County Pantry hours: Mondays through Thursdays 9:00am -1:00pm",
    "Address": "68 College Ave\nBuckhannon, WV 26201",
    "Phone": "(304) 472-0743",
    "FoodPantriesImage": "https://www.foodpantries.org/gallery/no_photo_7.jpg"
  },
  {
    "State": "West Virginia",
    "City": "Charles Town",
    "Name": "Jefferson County Community Ministries",
    "Description": "The Food Pantry solicits, stores, and distributes food for the community as referred to it by the JCCM office. Some of the funding received by JCCM is used to purchase additional food and to provide adequate supplies for cleaning, personal hygiene, and baby products for distribution to the community. JCCM also receives U.S.D.A. commodities. All food pantry applicants are first interviewed at the J",
    "Address": "238 Washington Street\nCharles Town, WV 25414",
    "Phone": "(304) 725-3186",
    "FoodPantriesImage": "https://www.foodpantries.org/gallery/33662_jefferson-county-community-ministries_pfe.jpg"
  },
  {
    "State": "West Virginia",
    "City": "Charles Town",
    "Name": "Jefferson County Community Ministries Charles Town",
    "Description": "The Food Pantry\r\n\r\nThe Food Pantry solicits, stores, and distributes food for the community as referred to it by the JCCM office. Some of the funding received by JCCM is used to purchase additional food and to provide adequate supplies for cleaning, personal hygiene, and baby products for distribution to the community. JCCM also receives U.S.D.A. commodities. All food pantry applicants are",
    "Address": "238 W. Washington St.\nCharles Town, WV 25414",
    "Phone": "(304) 725-3186",
    "FoodPantriesImage": "https://www.foodpantries.org/gallery/33732_jpeulukfwr.jpg"
  },
  {
    "State": "West Virginia",
    "City": "Charleston",
    "Name": "Union Mission - Family Services",
    "Description": "The food pantry Hours:Monday - Friday 8:30am to 3:30pmAn appointment to visit the pantry is preferred. Serves Boone, Clay, Kanawha and Putnam counties.\r\nUnion Mission Outreach distributes food to over sixty hunger-relief programs in forty-six counties of West Virginia.",
    "Address": "700 South Park Road\nCharleston, WV 25304",
    "Phone": "(304) 925-0366",
    "FoodPantriesImage": "https://www.foodpantries.org/gallery/32176_union_mission_family_services_25304_ngf.jpg"
  },
  {
    "State": "West Virginia",
    "City": "Charleston",
    "Name": "Salvation Army - Charleston",
    "Description": "Provides a food pantry.  Serves Clay County, Kanawha County, Putnam County and Roane County Pantry Hours: Monday - Friday 8:00am -11:30am",
    "Address": "301 Tennessee Avenue\nCharleston, WV 25302",
    "Phone": "(304) 343-4548",
    "FoodPantriesImage": "https://www.foodpantries.org/gallery/32166_salvation_army_charleston_25302_efp.jpg"
  },
  {
    "State": "West Virginia",
    "City": "Charleston",
    "Name": "Covenant House Food Pantry",
    "Description": "Provides a food pantry.  Pantry Hours:Monday - Friday9:00am - 12:30pm Tuesday and Thursday1:00pm - 3:00pmA referral from the Drop In Center, families and individuals in Kanawha County can access food and diapers twice a month without fear of judgment.",
    "Address": "600 Shrewsbury Street\nCharleston, WV 25301",
    "Phone": "304-344-8053",
    "FoodPantriesImage": "https://www.foodpantries.org/gallery/32107_covenant_house_food_pantry_25301_ftw.png"
  },
  {
    "State": "West Virginia",
    "City": "Charleston",
    "Name": "Common Grounds",
    "Description": "Provides a food pantry.  Serves Belle, Cabin Creek, Cedar Grove, Chelyan, Crown Hill, Dawes, Decota, Diamond, Drybranch, Dupont City, East Bank, Eskdale, Gallagher, Glasgow, Handley, Hansford, Hernshaw, Hugheston, Kanawha City, Kayford, Leewood, London, Malden, Mammoth, Marmet, Miami, Ohley, Pond Gap, Pratt, Quincy, Shrewsbury, Winifrede and Witcher Pantry hours: Tuesday and Thursday",
    "Address": "6600 McCorkle Ave SE\nCharleston, WV 25304",
    "Phone": "(304) 720-9690",
    "FoodPantriesImage": "https://www.foodpantries.org/gallery/no_photo_7.jpg"
  },
  {
    "State": "West Virginia",
    "City": "Charleston",
    "Name": "Catholic Charities",
    "Description": "Provides a food pantry.  Serves Kanawha County, Putnam County \r\nYou may call 304-345-2103 x3 to make an appointment for our food pantry. Often we also carry hygiene products.",
    "Address": "1116 Kanawha Blvd. E\nCharleston, WV 25312",
    "Phone": "(304) 345-2103",
    "FoodPantriesImage": "https://www.foodpantries.org/gallery/no_photo_3.jpg"
  },
  {
    "State": "West Virginia",
    "City": "Charleston",
    "Name": "Canaan United Methodist Church",
    "Description": "Provides a food pantry.  Serves 25302 and 25312. Documentation Required: Photo ID Pantry Hours: Monday and Thursday1:00pm - 3:00pm",
    "Address": "401 Roane Street\nCharleston, WV 25302",
    "Phone": "(304) 342-6553",
    "FoodPantriesImage": "https://www.foodpantries.org/gallery/no_photo_9.jpg"
  },
  {
    "State": "West Virginia",
    "City": "Charleston",
    "Name": "Campbells Creek Church of the Nazarene",
    "Description": "Provides a food pantry.  Serves Blount, Tad, Malden, Drybranch and 25304 Pantry Hours: Monday 9:00am - 10:30amFor more information, please call.",
    "Address": "543 Campbells Creek Drive\nCharleston, WV 25306",
    "Phone": "(304) 925-6430",
    "FoodPantriesImage": "https://www.foodpantries.org/gallery/no_photo_2.jpg"
  },
  {
    "State": "West Virginia",
    "City": "Charleston",
    "Name": "Fishers Of Men Center",
    "Description": "Food Pantry Hours:Wednesday 1:00pm - 4:00pm  We offer:\r\n1. Hygiene closet first Wednesday of every month\r\n2. Food Pantry every Wednesday \r\n3. Annual backpack giveaway for back to school grades K-12\r\n4. Annual free Thanksgiving dinners to go\r\n5. A monthly senior citizen box which includes 40lbs of food and a block of Government cheese (must be 60+)6. Awanas M",
    "Address": "847 Woodward Dr\nCharleston, WV 25387",
    "Phone": "(304) 946-7292",
    "FoodPantriesImage": "https://www.foodpantries.org/gallery/37513_fishers-of-men-center_vnj.png"
  },
  {
    "State": "West Virginia",
    "City": "Charleston",
    "Name": "Mountain Mission",
    "Description": "Provides a food pantry.  Serves Charleston West Side, Sissonville, Elkview area of 25312. Documentation Required: ID, proof of income, verifiable reason of need Pantry Hours: Monday through Friday 8:00am - 5:00pm",
    "Address": "1620 7th Avenue\nCharleston, WV 25312",
    "Phone": "(304) 344-3407",
    "FoodPantriesImage": "https://www.foodpantries.org/gallery/32138_mountain_mission_25312_pfn.png"
  },
  {
    "State": "West Virginia",
    "City": "Charleston",
    "Name": "Covenant House of WV",
    "Description": "Provides a food pantry.  Serves 22 Southern West Virginia Counties Pantry hours: Mondays through Fridays 8:00am - 4:00pm",
    "Address": "600 Shrewsbury Street\nCharleston, WV 25301",
    "Phone": "(304) 344-8053",
    "FoodPantriesImage": "https://www.foodpantries.org/gallery/no_photo_4.jpg"
  },
  {
    "State": "West Virginia",
    "City": "Charleston",
    "Name": "Manna Meal",
    "Description": "Manna Meal, Inc. is a soup kitchen that serves two meals a day 7 days a week.Breakfast  8:00am - 9:00am LunchMonday - Saturday 11:30am - 1:00pm Sunday lunch is served from 12:30 - 2:00pm.We are not a food pantry but can help with emergency food when needed.",
    "Address": "1105 Quarrier St\nCharleston, WV 25301",
    "Phone": "(304) 345-7121",
    "FoodPantriesImage": "https://www.foodpantries.org/gallery/33670_manna-meal_lyv.jpg"
  },
  {
    "State": "West Virginia",
    "City": "Chesapeake",
    "Name": "Capital Resource Agency - Chesapeake City Hall",
    "Description": "Provides a food pantry.  Serves Belle, Blount, Cabin Creek, Cedar Grove, Chelyan, Crown Hill, Dawes, Decota, Diamond, Drybranch, Dupont City, East Bank, Eskdale, Gallagher, Glasgow, Handley, Hansford, Hernshaw, Hugheston, Kayford, Leewood, London, Marmet, Miami, Ohley, Pond Gap, Pratt, Quincy, Shrewsbury, Winifrede and Witcher Pantry hours: Mondays through Thursdays 9am - 3pm and Frida",
    "Address": "12404 MacCorkle Avenue\nChesapeake, WV 25315",
    "Phone": "(304) 949-6077",
    "FoodPantriesImage": "https://www.foodpantries.org/gallery/no_photo_6.jpg"
  },
  {
    "State": "West Virginia",
    "City": "Clarksburg",
    "Name": "Emergency Infant Foods Program - WVCCAP",
    "Description": "Provides a food pantry.  Serves Harrison County, Between the ages birth - 5 years. Contact for income guidelines. Pantry hours: Mondays through Fridays 8:00am -4:00pm",
    "Address": "106 Frederick St.\nClarksburg, WV 26302",
    "Phone": "(304) 622-8495",
    "FoodPantriesImage": "https://www.foodpantries.org/gallery/no_photo_3.jpg"
  },
  {
    "State": "West Virginia",
    "City": "Clarksburg",
    "Name": "Duff Street United Methodist Church",
    "Description": "Provides a food pantry.  Serves Harrison County Pantry hours: Tuesday 9:30 am - 1:00 pm ",
    "Address": "400 Duff Ave\nClarksburg, WV 26301",
    "Phone": "(304) 624-7951",
    "FoodPantriesImage": "https://www.foodpantries.org/gallery/no_photo_6.jpg"
  },
  {
    "State": "West Virginia",
    "City": "Clarksburg",
    "Name": "CRISS CROSS Information and Referral Service",
    "Description": "Provides a food pantry.  Serves Harrison County Pantry hours: Mondays through Fridays 8:00am -4:00 pm",
    "Address": "209 W Pike Street, Suite B\nClarksburg, WV 26301",
    "Phone": "(800) 410-3734",
    "FoodPantriesImage": "https://www.foodpantries.org/gallery/no_photo_7.jpg"
  },
  {
    "State": "West Virginia",
    "City": "Clarksburg",
    "Name": "Salvation Army ",
    "Description": "Provides a food pantry.  Serves Adamsville, Anmoore, Bridgeport, Bristol, Brushy Fork, Clarksburg, Country Club, Craigmoore, Dawmont, Dola, Eastpointe, Enterprise, Fbi, Francis Mine, Gypsy, Haywood, Hepzibah, Industrial, Lake Ridge, Laurel Park, Laurel Valley, Lost Creek, Lumberport, Maple Lake, Mcwhorter, Meadowbrook, Mount Clare, Nutter Fort, Owings, Peora, Pine Bluff, Reynoldsville, Salem, Salt",
    "Address": "1010 S Chestnut St\nClarksburg, WV 26302",
    "Phone": "(304) 622-2360",
    "FoodPantriesImage": "https://www.foodpantries.org/gallery/32167_salvation_army_harrison_26302_fuk.png"
  },
  {
    "State": "West Virginia",
    "City": "Clendenin",
    "Name": "Capital Resource Agency - Elk Valley",
    "Description": "Provides a food pantry.  Serves Blue Creek, Clendenin, Clio, Corton, Elkview, Falling Rock, Pinch and Quick Pantry hours: Mondays through Fridays 8am - 4pm",
    "Address": "107 Koontz Ave\nClendenin, WV 25045",
    "Phone": "(304) 548-5392",
    "FoodPantriesImage": "https://www.foodpantries.org/gallery/no_photo_7.jpg"
  },
  {
    "State": "West Virginia",
    "City": "Cross Lanes",
    "Name": "Tyler Mountain Cross Lanes Community Services",
    "Description": "Provides a food pantry.  Serves Cross Lanes. MCLCS is a non-profit, tax exempt, social service organization that has actively helped Cross Lanes area residents with their basic needs since 1980.&nbsp; Agency Hours: Monday 1:00 pm - 5:00 pmTuesday 8:00 am - 4:00 pmWednesday 8:00 am - 11:00 am",
    "Address": "5320 Frontier Drive\nCross Lanes, WV 25313",
    "Phone": "(304) 776-5813",
    "FoodPantriesImage": "https://www.foodpantries.org/gallery/no_photo_2.jpg"
  },
  {
    "State": "West Virginia",
    "City": "Crum",
    "Name": "Starting Points - Wayne County",
    "Description": "Provides a food pantry.  Serves Wayne County Pantry hours: Monday-Friday: 8:00am - 4:00pm",
    "Address": "One School Rd. and Rt. 52\nCrum, WV 25669",
    "Phone": "(304) 393-3886",
    "FoodPantriesImage": "https://www.foodpantries.org/gallery/no_photo_6.jpg"
  },
  {
    "State": "West Virginia",
    "City": "Dunbar",
    "Name": "Dunbar-Institute Samaritan Center",
    "Description": "Provides a food pantry.  Serves Dunbar and Institute. Documentation Required: Photo ID and current utility bill, or referral from DHHR. Pantry hours: Monday, Wednesdays and Fridays 10:00am - 12:00pm",
    "Address": "223 1/2 16th Street\nDunbar, WV 25064",
    "Phone": "(304) 768-3828",
    "FoodPantriesImage": "https://www.foodpantries.org/gallery/no_photo_5.jpg"
  },
  {
    "State": "West Virginia",
    "City": "East Bank",
    "Name": "Good Shepherd Mission",
    "Description": "Provides a food pantry.  Serves Cabin Creek, Chelyan, Crown Hill, Dawes, Decota, Drybranch, East Bank, Eskdale, Gallagher, Kayford, Leewood, Marmet, Miami, Ohley, Pratt, Quincy, Shrewsbury, Winifrede Pantry hours: 10:00am - 4:00pm",
    "Address": "1013 First Avenue\nEast Bank, WV 25067",
    "Phone": "(304) 595-6002",
    "FoodPantriesImage": "https://www.foodpantries.org/gallery/no_photo_6.jpg"
  },
  {
    "State": "West Virginia",
    "City": "Elkins",
    "Name": "Randolph County Office NCWVCAA",
    "Description": "Provides a food pantry.  Serves Randolph County Pantry hours: Monday-Friday: 8am -4pm",
    "Address": "938 S Davis Ave\nElkins, WV 26241",
    "Phone": "(304) 636-5008",
    "FoodPantriesImage": "https://www.foodpantries.org/gallery/no_photo_6.jpg"
  },
  {
    "State": "West Virginia",
    "City": "Elkins",
    "Name": "DESTINY TABERNACLE OF PRAISE",
    "Description": "Provides a food pantry.  Serves Randolph County",
    "Address": "312 Wilson Street\nElkins, WV 26241",
    "Phone": "(304) 636-9303",
    "FoodPantriesImage": "https://www.foodpantries.org/gallery/no_photo_9.jpg"
  },
  {
    "State": "West Virginia",
    "City": "Elkins",
    "Name": "Good Shepherd Ministries",
    "Description": "Provides a food pantry.  Serves Randolph County",
    "Address": "105 First Street\nElkins, WV 26241",
    "Phone": "(304) 636-5449",
    "FoodPantriesImage": "https://www.foodpantries.org/gallery/no_photo_3.jpg"
  },
  {
    "State": "West Virginia",
    "City": "Elkins",
    "Name": "Catholic Community Service - Seneca Mall",
    "Description": "Provides a food pantry.  Serves Randolph County Pantry hours: Mondays through Fridays 9am - 12pm",
    "Address": "3rd Street\nElkins, WV 26241",
    "Phone": "(304) 636-2202",
    "FoodPantriesImage": "https://www.foodpantries.org/gallery/no_photo_4.jpg"
  },
  {
    "State": "West Virginia",
    "City": "Fairmont",
    "Name": "North Central WV Community Action - County of Marion",
    "Description": "Provides a food pantry.  Serves Marion County Pantry hours: Monday-Friday: 8am - 4pm",
    "Address": "414 Corbin Place\nFairmont, WV 26554",
    "Phone": "(304) 363-6712",
    "FoodPantriesImage": "https://www.foodpantries.org/gallery/no_photo_9.jpg"
  },
  {
    "State": "West Virginia",
    "City": "Ellenboro",
    "Name": "Community Resources - Ritchie County",
    "Description": "Provides a food pantry.  Serves Ritchie County Pantry hours: Monday-Friday: 8:00am - 4:00pm (Closed Holidays)",
    "Address": "HC 83 Box 9\nEllenboro, WV 26346",
    "Phone": "(304) 869-3871",
    "FoodPantriesImage": "https://www.foodpantries.org/gallery/no_photo_7.jpg"
  },
  {
    "State": "West Virginia",
    "City": "Fairmont",
    "Name": "North Central West Virginia Community Action",
    "Description": "Provides a food pantry.  Serves Marion County Pantry hours: Mondays through Fridays 8:00am - 4:00pm",
    "Address": "1304 Goose Run Road\nFairmont, WV 26554",
    "Phone": "(304) 363-2170",
    "FoodPantriesImage": "https://www.foodpantries.org/gallery/no_photo_7.jpg"
  },
  {
    "State": "West Virginia",
    "City": "Fairmont",
    "Name": "Hillview Baptist Church Food Pantry",
    "Description": "Provides a food pantry.  Serves Marion County Pantry hours: Third Thursday of the month",
    "Address": "Rt 8 Box 394-C\nFairmont, WV 26554",
    "Phone": "(304) 363-0530",
    "FoodPantriesImage": "https://www.foodpantries.org/gallery/no_photo_5.jpg"
  },
  {
    "State": "West Virginia",
    "City": "Fairmont",
    "Name": "Fairmont Marion County Food Pantry",
    "Description": "Provides a food pantry.  Serves Marion County Pantry Hours: Wednesday:9:00am - 12:00pmFor more information, please call.",
    "Address": "107 Jefferson Ave\nFairmont, WV 26554",
    "Phone": "(304) 363-7150",
    "FoodPantriesImage": "https://www.foodpantries.org/gallery/no_photo_1.jpg"
  },
  {
    "State": "West Virginia",
    "City": "Fairmont",
    "Name": "Soup Opera",
    "Description": "Daily meal, clothing distribution, showers, laundry facility, personal hygiene facility access and basic health care for the homeless and hungry of Marion County.",
    "Address": "425 Quincy St. \nFairmont, WV 26554",
    "Phone": "(304) 367-1098",
    "FoodPantriesImage": "https://www.foodpantries.org/gallery/34848_soup-opera_cfw.jpg"
  },
  {
    "State": "West Virginia",
    "City": "Fort Gay",
    "Name": "Wayne County Community Services Organization",
    "Description": "The food pantry is open from 9:00 AM until 4:00 PM on Monday and Tuesday. Serves residents of Wayne County. Requires a written referral from Wayne DHHR or Information and Referral Service. There is a limit of one visit per month.",
    "Address": "8604 Vancouver Street\nFort Gay, WV 25514",
    "Phone": "(304) 648-5112",
    "FoodPantriesImage": "https://www.foodpantries.org/gallery/no_photo_5.jpg"
  },
  {
    "State": "West Virginia",
    "City": "Franklin",
    "Name": "Christian Assistance Network  (CAN)",
    "Description": "Feeding and clothing the people of Pendleton County one family at a time.\r\n\r\nHours Tuesday and Thursday 9:30 am to 1:30pm.\r\n\r\nVoucher may be obtained from any minister, Department of Human Services, Senior and Family Services for persons over 60 years of age, Eastern WV  Community Action Tuesday morning only, Pendleton Community Care, School System, Almost Heaven Habitat fo",
    "Address": "331 Maple Ave.  PO Box 503\nFranklin, WV 26807",
    "Phone": "",
    "FoodPantriesImage": "https://www.foodpantries.org/gallery/32377_christian-assistance-network-can_qvw.jpg"
  },
  {
    "State": "West Virginia",
    "City": "Gassaway",
    "Name": "Mountaineer Food Bank",
    "Description": "",
    "Address": "Gassaway, WV 26624",
    "Phone": "(304) 364-5518",
    "FoodPantriesImage": "https://www.foodpantries.org/gallery/no_photo_6.jpg"
  },
  {
    "State": "West Virginia",
    "City": "Glenville",
    "Name": "Community Resources - Gilmer County",
    "Description": "Provides a food pantry.  Serves Gilmer County Pantry hours: Monday-Friday: 8:00am - 4:00pm (Closed Holidays)",
    "Address": "205 South Lewis Street\nGlenville, WV 26351",
    "Phone": "(304) 462-8698",
    "FoodPantriesImage": "https://www.foodpantries.org/gallery/no_photo_5.jpg"
  },
  {
    "State": "West Virginia",
    "City": "Grafton",
    "Name": "North Central WV Community Action - County of Taylor",
    "Description": "Provides a food pantry.  Serves Taylor County Pantry hours: Monday-Friday: 8:00am - 4:00pm",
    "Address": "20 E Main St\nGrafton, WV 26354",
    "Phone": "(304) 265-3200",
    "FoodPantriesImage": "https://www.foodpantries.org/gallery/no_photo_3.jpg"
  },
  {
    "State": "West Virginia",
    "City": "Grafton",
    "Name": "Taylor County Project HOP2E",
    "Description": "Taylor County Project HOP2E is a local mobile food pantry that distributes food from their \"Mobile Pantry Trailer\" once a month from various locations around the county. To learn about when and where the next distribution will take place, keep on eye on the Mountain Statesman Newspaper, or email taylorcountyhope@yahoo.com and ask to be kept abreast via email on upcoming events. \r\nTaylor Co",
    "Address": "P O Box 342 / RR 3 Box 305\nGrafton, WV 26354",
    "Phone": "304-265-6838",
    "FoodPantriesImage": "https://www.foodpantries.org/gallery/no_photo_10.jpg"
  },
  {
    "State": "West Virginia",
    "City": "Grantsville",
    "Name": "Community Resources - Calhoun County",
    "Description": "Provides a food pantry.  Serves Calhoun County Pantry hours: Monday-Friday: 8:00am - 4:30pm",
    "Address": "Corner of Johnson and Pine Creek Road\nGrantsville, WV 26147",
    "Phone": "(304) 354-9265",
    "FoodPantriesImage": "https://www.foodpantries.org/gallery/no_photo_4.jpg"
  },
  {
    "State": "West Virginia",
    "City": "Hamlin",
    "Name": "Lincoln County Opportunity Company",
    "Description": "Provides a food pantry.  Serves Lincoln County Pantry hours: Mondays through Fridays 8:00am - 4:00pm",
    "Address": "360 Main Street\nHamlin, WV 25523",
    "Phone": "(304) 824-3448",
    "FoodPantriesImage": "https://www.foodpantries.org/gallery/no_photo_9.jpg"
  },
  {
    "State": "West Virginia",
    "City": "Hartford City",
    "Name": "God's House of Hope Food Pantry",
    "Description": "We serve the residents of Mason County, WV. We are located in Hartford, WV in the old elementary school that is now God's House of Hope Church. All you need to qualify for a food box is proof of residency and you may not be getting help from another food pantry (we do check this). Our hours are from 1:00am - 1:00pm The date is never the same. Please call.We try ",
    "Address": "806 Pike Street\nHartford City, WV 25247",
    "Phone": "(304)593-9620",
    "FoodPantriesImage": "https://www.foodpantries.org/gallery/36633_gods-house-of-hope-food-pantry_ceu.jpg"
  },
  {
    "State": "West Virginia",
    "City": "Huntington",
    "Name": "Facing Hunger FoodBank",
    "Description": "Facing Hunger Food Bank main purpose is to feed hungry people via distribution of groceries and food at our own food pantry network.",
    "Address": "1327 7th Ave.\nHuntington, WV 25701",
    "Phone": "(304) 523-6029",
    "FoodPantriesImage": "https://www.foodpantries.org/gallery/578_huntington-area-food-bank_cji.png"
  },
  {
    "State": "West Virginia",
    "City": "Hedgesville",
    "Name": "Snyder's Bible Chapel",
    "Description": "Provides a food pantry.  Serves Berkeley County Pantry Hours: On the 3rd Tuesdays of each month9:00am - 12:00pmFor more information, please call.",
    "Address": "10980 Martinsburg Rd\nHedgesville, WV 25427",
    "Phone": "(304) 258-3930",
    "FoodPantriesImage": "https://www.foodpantries.org/gallery/no_photo_7.jpg"
  },
  {
    "State": "West Virginia",
    "City": "Huntington",
    "Name": "Grace Food Pantry",
    "Description": "Hours:Last 2 Wednesday of the month10:00am - 2:00pmGrace Food Pantry is located in Huntington WV ,as you know, needy families and individuals in our community go without proper food, due to a variety of factors including Veterans coming back home, low wages, educational level, job loss, injuries, illness, age, domestic violence, or divorce. While all of us are susceptible t",
    "Address": "305 Main Street \nHuntington, WV 25702",
    "Phone": "(304)638-1119",
    "FoodPantriesImage": "https://www.foodpantries.org/gallery/37184_grace-food-pantry_zms.jpg"
  },
  {
    "State": "West Virginia",
    "City": "Hurricane",
    "Name": "Capital Resource Agency - Putnam County",
    "Description": "Provides a food pantry.  Serves Putnam County. Documentation Required: DHHR referral, a copy of the utility bill, proof of income for everyone in the home, social security numbers for everyone in the home, and photo IDs. Pantry hours: Tuesdays 9:00am -5:00pm and Friday: 1:00pm - 5:00",
    "Address": "3990 Teays Valley Rd\nHurricane, WV 25526",
    "Phone": "304-760-6067",
    "FoodPantriesImage": "https://www.foodpantries.org/gallery/no_photo_8.jpg"
  },
  {
    "State": "West Virginia",
    "City": "Kingwood",
    "Name": "North Central WV Community Action - County of Preston",
    "Description": "Provides a food pantry.  Serves Preston County Pantry hours: Monday-Friday: 8:00am - 4:00pm",
    "Address": "109 E Main St\nKingwood, WV 26537",
    "Phone": "(304) 329-1028",
    "FoodPantriesImage": "https://www.foodpantries.org/gallery/no_photo_8.jpg"
  },
  {
    "State": "West Virginia",
    "City": "Kingwood",
    "Name": "Community Action-Preston",
    "Description": "Provides a food pantry.  Serves Preston County Pantry Hours: Monday - Friday 8:00am - 4:00pmFor more information, please call.",
    "Address": "428 Morgantown Street\nKingwood, WV 26537",
    "Phone": "(304) 329-1028",
    "FoodPantriesImage": "https://www.foodpantries.org/gallery/32094_community_action-preston_26537_scq.jpg"
  },
  {
    "State": "West Virginia",
    "City": "Kingwood",
    "Name": "Food Pantry-We Care Food Share",
    "Description": "",
    "Address": "107 W Beverly St\nKingwood, WV 26537",
    "Phone": "(304) 329-2381",
    "FoodPantriesImage": "https://www.foodpantries.org/gallery/no_photo_10.jpg"
  },
  {
    "State": "West Virginia",
    "City": "Layland",
    "Name": "Lords Blessing Food Pantry    Layland Baptist Church",
    "Description": "Please call (304)860-5716 to place your order.\r\n\r\nThe Church today is dedicated, not only to the Spiritual needs of the community, but to the Physical needs as well.  Our Church was fortunate enough to be able to get involved with the Union Mission Ministries.  A program designed to help the Community to be able to get quality Food when and Where it is needed\r\n\r\n  This prog",
    "Address": "13048  Stanaford Road\nLayland, WV 25864",
    "Phone": "(304) 860-5716",
    "FoodPantriesImage": "https://www.foodpantries.org/gallery/no_photo_9.jpg"
  },
  {
    "State": "West Virginia",
    "City": "Little Birch",
    "Name": "Little Birch Southern Baptist Food Pantry ",
    "Description": "The food pantry distributes a variety of food,  clothing and supplies to about 300 families per month. \r\n  ",
    "Address": "4857 Old Turnpike Rd. \nLittle Birch, WV 26629",
    "Phone": "304-765-0127",
    "FoodPantriesImage": "https://www.foodpantries.org/gallery/no_photo_5.jpg"
  },
  {
    "State": "West Virginia",
    "City": "Logan",
    "Name": "First Presbyterian Church Logan",
    "Description": "Provides a food pantry.  Serves Logan County Pantry Hours: 2nd Friday of every month",
    "Address": "622 Stratton Street\nLogan, WV 25601",
    "Phone": "(304) 752-6232",
    "FoodPantriesImage": "https://www.foodpantries.org/gallery/32119_first_presbyterian_church_logan_25601_wzd.gif"
  },
  {
    "State": "West Virginia",
    "City": "Logan",
    "Name": "The Salvation Army of Logan Food Pantry",
    "Description": "We provide food assistance to needy families and individuals. &nbsp;Hours:Tuesday and Thursday 10:00am - 2:00pm\r\nRequirements: Must have Photo ID, proof that you receive government assistance such as Food Stamps or SNAP. We are only able to provide one food box per family/individual per month.\r\nWe also provide other emergency ass",
    "Address": "544 Stratton St.\nLogan, WV 25601",
    "Phone": "304-792-1147",
    "FoodPantriesImage": "https://www.foodpantries.org/gallery/36257_the-salvation-army-of-logan-food-pantry_npk.jpg"
  },
  {
    "State": "West Virginia",
    "City": "Marlinton",
    "Name": "North Central WV Community Action - County of Pocahontas",
    "Description": "Provides a food pantry.  Serves Pocahontas County Pantry hours: Monday-Friday: 8am - 4pm",
    "Address": "HC 69 Box 12-A\nMarlinton, WV 24954",
    "Phone": "(304) 799-4082",
    "FoodPantriesImage": "https://www.foodpantries.org/gallery/no_photo_9.jpg"
  },
  {
    "State": "West Virginia",
    "City": "Martinsburg",
    "Name": "Salvation Army",
    "Description": "Provides a food pantry.  Serves Berkeley County, Jefferson County, Morgan County Pantry hours: Mondays through Fridays 9am - 12pm and 1pm - 3pm",
    "Address": "505 Virginia Avenue\nMartinsburg, WV 25401",
    "Phone": "(304) 267-4612",
    "FoodPantriesImage": "https://www.foodpantries.org/gallery/no_photo_1.jpg"
  },
  {
    "State": "West Virginia",
    "City": "Martinsburg",
    "Name": "One-Stop",
    "Description": "Provides a food pantry.  Serves Berkeley County Pantry hours: Daily: 9:00am -1:00pm",
    "Address": "891 Auto Parts Place, Suite 137\nMartinsburg, WV 25401",
    "Phone": "(304) 263-5090",
    "FoodPantriesImage": "https://www.foodpantries.org/gallery/no_photo_1.jpg"
  },
  {
    "State": "West Virginia",
    "City": "Martinsburg",
    "Name": "Martinsburg WORK 4 WV Center",
    "Description": "Provides a food pantry.  Serves West Virginia Pantry hours: Mondays through Thursdays 8:30-5:00pm and Friday: 9:00am - 5:00pm",
    "Address": "891 Auto Parts Place\nMartinsburg, WV 25403",
    "Phone": "(304) 267-0030",
    "FoodPantriesImage": "https://www.foodpantries.org/gallery/no_photo_3.jpg"
  },
  {
    "State": "West Virginia",
    "City": "Martinsburg",
    "Name": "Loaves and Fishes",
    "Description": "Provides a food pantry.  Serves Berkeley County. Documentation Required: Picture ID and proof of residence in Berkeley County",
    "Address": "336 South Queen Street\nMartinsburg, WV 25401",
    "Phone": "(304) 267-2810",
    "FoodPantriesImage": "https://www.foodpantries.org/gallery/no_photo_9.jpg"
  },
  {
    "State": "West Virginia",
    "City": "Martinsburg",
    "Name": "Eastern Panhandle Information and Referral Center",
    "Description": "Provides a food pantry.  Serves Berkeley County, Jefferson County, Morgan County Pantry hours: Mondays through Fridays 9am - 4pm",
    "Address": "433 Mid Atlantic Parkway\nMartinsburg, WV 25404",
    "Phone": "(304) 262-0048",
    "FoodPantriesImage": "https://www.foodpantries.org/gallery/no_photo_3.jpg"
  },
  {
    "State": "West Virginia",
    "City": "Martinsburg",
    "Name": "Church Without Walls",
    "Description": "Provides a food pantry.  Serves Berkeley County Pantry hours: Tuesday 10:00 am - 1:00 pmThe 3rd Saturday 10:00 am - 3:00 pmAppointments are accepted Monday through Friday from 1:00 pm to 7:00 pm.&nbsp; ",
    "Address": "122 W. Martin Street\nMartinsburg, WV 25401",
    "Phone": "(304) 260-9509",
    "FoodPantriesImage": "https://www.foodpantries.org/gallery/32091_church_without_walls__sue.jpg"
  },
  {
    "State": "West Virginia",
    "City": "Masontown",
    "Name": "Valley Food Pantry",
    "Description": "Provides a food pantry.  Serves Preston County **New Winter Hours***For October through March, the Valley Food Pantry will be open the 2nd and 4th Tuesday of each month, 3 TO 4 PM! This will take effect with the 1st pantry in October, which is October 13, 2015! Please share this info so that anyone residing in the Masontown, Reedsville, Arthurdale, and Newburg areas of Pres",
    "Address": "Rt 1 Box 266\nMasontown, WV 26542",
    "Phone": "304-680-6340",
    "FoodPantriesImage": "https://www.foodpantries.org/gallery/no_photo_5.jpg"
  },
  {
    "State": "West Virginia",
    "City": "Maysel",
    "Name": "Risen Lord Catholic Church",
    "Description": "Provides a food pantry.  Serves Clay County Pantry hours: Fourth Thursday of the month: 9am - 12pm",
    "Address": "67 Wallback Road\nMaysel, WV 25133",
    "Phone": "(304) 587-4740",
    "FoodPantriesImage": "https://www.foodpantries.org/gallery/no_photo_4.jpg"
  },
  {
    "State": "West Virginia",
    "City": "Montgomery",
    "Name": "United Community Services",
    "Description": "Provides a food pantry.  Serves Fayette County",
    "Address": "416 4th Avenue\nMontgomery, WV 25136",
    "Phone": "(304) 442-5177",
    "FoodPantriesImage": "https://www.foodpantries.org/gallery/no_photo_10.jpg"
  },
  {
    "State": "West Virginia",
    "City": "Montgomery",
    "Name": "Capital Resource Agency - Montgomery",
    "Description": "Provides a food pantry.  Serves Fayette County and Montgomery area of Kanawha County Pantry hours: Mondays through Fridays 8am - 12pm and 1pm - 4pm",
    "Address": "514 5th Avenue\nMontgomery, WV 25136",
    "Phone": "(304) 442-2018",
    "FoodPantriesImage": "https://www.foodpantries.org/gallery/no_photo_2.jpg"
  },
  {
    "State": "West Virginia",
    "City": "Morgantown",
    "Name": "Christian Help, Inc.",
    "Description": "The Food Pantry at Christian Help, Inc is just one of many services offered by this non-profit. Individuals may simply come into Christian Help, and ask for a food order. The pantry does not operate under the federal commodities program, and is therefore able to serve anyone. No proof of income is necessary. Bottom line--anyone who asks for food, will receive food. Households are eligible to recei",
    "Address": "219 Walnut Street\nMorgantown, WV 26505",
    "Phone": "(304)296-0221",
    "FoodPantriesImage": "https://www.foodpantries.org/gallery/no_photo_9.jpg"
  },
  {
    "State": "West Virginia",
    "City": "Morgantown",
    "Name": "Starting Points Family Resource Center - Waitman Barbe Eleme",
    "Description": "Provides a food pantry.  Serves Monongalia County. Documentation Required: Social Security cards, pay stubs for previous month, proof of address, food stamp amt and estimated expenses for the month.",
    "Address": "1702 River Rd\nMorgantown, WV 26501",
    "Phone": "(304) 983-2432",
    "FoodPantriesImage": "https://www.foodpantries.org/gallery/no_photo_3.jpg"
  },
  {
    "State": "West Virginia",
    "City": "Morgantown",
    "Name": "Catholic Charities of WV",
    "Description": "Provides a food pantry.  Serves Monongalia County. Documentation Required: Income verification for all income, social security cards for everyone in the household, picture ID and address verification Pantry hours: Monday-Friday: 9:00am - 12:00pm.",
    "Address": "827 Fairmont Rd, Suite 203\nMorgantown, WV 26501",
    "Phone": "(304) 292-6597",
    "FoodPantriesImage": "https://www.foodpantries.org/gallery/no_photo_1.jpg"
  },
  {
    "State": "West Virginia",
    "City": "Morgantown",
    "Name": "Monongalia County Starting Points Food Pantry",
    "Description": "Provides a food pantry.  Serves Monongalia County. We require proof of income and some form of identification for every member of the household; however, we have no income guidelines.Pantry hours: Monday-Friday: 8:00am - 4:00pm",
    "Address": "901 Mylan Park Lane\nMorgantown, WV 26501",
    "Phone": "(304) 983-2432",
    "FoodPantriesImage": "https://www.foodpantries.org/gallery/no_photo_7.jpg"
  },
  {
    "State": "West Virginia",
    "City": "Morgantown",
    "Name": "Covenant Evangelical Methodist Food Pantry",
    "Description": "Provides a food pantry.  Serves Monongalia County Our Food Pantry is open on the 3rd Saturday of each month and the hours of operation is from 9am.-11:30am.&nbsp; ",
    "Address": "802 Greenbag Rd\nMorgantown, WV 26505",
    "Phone": "(304) 292-6050",
    "FoodPantriesImage": "https://www.foodpantries.org/gallery/no_photo_4.jpg"
  },
  {
    "State": "West Virginia",
    "City": "Morgantown",
    "Name": "Food Pantry - Catholic Community Services - Morgantown",
    "Description": "Serving Monongalia County",
    "Address": "235 High St  Room 207\nMorgantown, WV 26505",
    "Phone": "(304) 292-6597",
    "FoodPantriesImage": "https://www.foodpantries.org/gallery/no_photo_6.jpg"
  },
  {
    "State": "West Virginia",
    "City": "Morrisvale",
    "Name": "Morrisvale Helping Hand, Inc.",
    "Description": "Morrisvale Helping Hand, Inc. Serves residents in Boone and Lincoln Counties of WV. We have various programs with in the organization such as ( Free clothing distribution, Adopt-A-Highway program, Disaster relief, Food pantry, Christmas shoe boxes, Secret Santa program, Backpack for kids, Elderly &amp; Disables programs ). Many more to come in the future. Hours of operation Monday - Friday 9 am - ",
    "Address": "30 Silvas Ln\nMorrisvale, WV 25565",
    "Phone": "(304) 524-7087",
    "FoodPantriesImage": "https://www.foodpantries.org/gallery/no_photo_9.jpg"
  },
  {
    "State": "West Virginia",
    "City": "New Martinsville",
    "Name": "Community Resources - Wetzel County",
    "Description": "Provides a food pantry.  Serves Wetzel County Pantry hours: Monday-Friday: 8:00am - 4:30pm (Closed Holidays)",
    "Address": "128 Main Street\nNew Martinsville, WV 26155",
    "Phone": "(304) 455-2701",
    "FoodPantriesImage": "https://www.foodpantries.org/gallery/no_photo_5.jpg"
  },
  {
    "State": "West Virginia",
    "City": "Nutter Fort",
    "Name": "Senior Care Of North Central WV -Harrison",
    "Description": "Provides a food pantry.  Serves Barbour County, Doddridge County, Harrison County, Lewis County, Marion County, Taylor County and Upshur County Pantry hours: Mondays through Fridays 9am-2pm",
    "Address": "1412 Buckhannon Pike\nNutter Fort, WV 26301",
    "Phone": "(304) 624-0099",
    "FoodPantriesImage": "https://www.foodpantries.org/gallery/no_photo_4.jpg"
  },
  {
    "State": "West Virginia",
    "City": "Osage",
    "Name": "Scott's Run Settlement House",
    "Description": "Serves Monongalia County's residents most in need through food pantry, baby pantry, backpack feeding program, seasonal outreach services, senior programs, home repair program and more. Food Pantry is open Monday, Tuesday, Thursday and Friday from 9:30-11:30 . On Wednesday the pantry is open from 5-7. We do follow Mon County Schools school closings and delays. On snow days, we are close",
    "Address": "41 Lady Bug Rd.\nOsage, WV 26543",
    "Phone": "304-599-5020",
    "FoodPantriesImage": "https://www.foodpantries.org/gallery/35288_scotts-run-settlement-house_pai.jpg"
  },
  {
    "State": "West Virginia",
    "City": "Parkersburg",
    "Name": "old man rivers",
    "Description": "Pantry HoursMonday, Tuesday and Friday12:00pm to 4:00pm Free clothing 3rd Tuesday every month. Call for hoursREQUIREMENTS-Photo ID-Proof of current address on it",
    "Address": "703 Pike Street\nParkersburg, WV 26101",
    "Phone": "3044286677",
    "FoodPantriesImage": "https://www.foodpantries.org/gallery/no_photo_7.jpg"
  },
  {
    "State": "West Virginia",
    "City": "Parkersburg",
    "Name": "Wood County Senior Citizens Association (Nutrition Program)",
    "Description": "Provides a food pantry.  Serves Wood County residents years or older Pantry Hours: 9:00am - 1:00pm",
    "Address": "914 Market Street\nParkersburg, WV 26101",
    "Phone": "(304) 485-6748",
    "FoodPantriesImage": "https://www.foodpantries.org/gallery/32181_wood_co._senior_citizens_association_(nutrition_program)_26101_huf.jpg"
  },
  {
    "State": "West Virginia",
    "City": "Parkersburg",
    "Name": "Salvation Army",
    "Description": "Provides a food pantry.  Serves Wood, Pleasants, Ritchie, Wirt, Jackson, and Calhoun Counties Pantry hours: Mondays through Fridays 8:30 am - 4:30 pm",
    "Address": "534 Fifth Street\nParkersburg, WV 26101",
    "Phone": "(304) 485-4529",
    "FoodPantriesImage": "https://www.foodpantries.org/gallery/no_photo_8.jpg"
  },
  {
    "State": "West Virginia",
    "City": "Parkersburg",
    "Name": " Children's Home Society of West Virginia - Mid Town Family Resource Center",
    "Description": "Provides a food pantry.  Serves Calhoun, Jackson, Pleasants, Ritchie, Roane, Tyler, Wirt, Gilmer, Lewis, Mason, Wetzel and Wood Counties Pantry Hours: Monday - Friday 8:30 am - 4:00 pm",
    "Address": "1717 St Marys Avenue\nParkersburg, WV 26102",
    "Phone": "(304) 485-0650",
    "FoodPantriesImage": "https://www.foodpantries.org/gallery/32156_right_from_the_start_childrens_home_society_of_west_virgi_26101_nlf.png"
  },
  {
    "State": "West Virginia",
    "City": "Parkersburg",
    "Name": "Community Resources",
    "Description": "Provides a food pantry.  Serves Wood County Pantry hours: Mondays through Fridays 8:00 am - 4:00 pm",
    "Address": "601 Avery Street, Suite 200\nParkersburg, WV 26101",
    "Phone": "(304) 422-5339",
    "FoodPantriesImage": "https://www.foodpantries.org/gallery/no_photo_2.jpg"
  },
  {
    "State": "West Virginia",
    "City": "Parkersburg",
    "Name": "Community Resources Central Office and County Number",
    "Description": "Provides a food pantry.  Serves Wood and surrounding counties Pantry hours: Mondays through Fridays 8:00 am - 4:00 pm",
    "Address": "601 Avery Street, Suite 200\nParkersburg, WV 26101",
    "Phone": "(304) 485-5525",
    "FoodPantriesImage": "https://www.foodpantries.org/gallery/no_photo_8.jpg"
  },
  {
    "State": "West Virginia",
    "City": "Parkersburg",
    "Name": "Christ United Methodist",
    "Description": "Provides a food pantry.  Serves Wood County Pantry hours: Tuesday and Thursday: 9:30 am - 11:00 am",
    "Address": "715 16th Street\nParkersburg, WV 26101",
    "Phone": "(304) 422-3016",
    "FoodPantriesImage": "https://www.foodpantries.org/gallery/no_photo_3.jpg"
  },
  {
    "State": "West Virginia",
    "City": "Parkersburg",
    "Name": "KO-CO - St Pauls United Methodist Church",
    "Description": "Provides a food pantry.  Serves Wood County Pantry hours: Tuesdays 9:30am - 10:30 am",
    "Address": "219 11th Street\nParkersburg, WV 26101",
    "Phone": "(304) 422-2552",
    "FoodPantriesImage": "https://www.foodpantries.org/gallery/no_photo_9.jpg"
  },
  {
    "State": "West Virginia",
    "City": "Parkersburg",
    "Name": "Community Resources - Weatherization",
    "Description": "Provides a food pantry.  Serves Wood County Pantry hours: Mondays through Thursdays 7:00am - 5:00pm",
    "Address": "113 Ann Street\nParkersburg, WV 26101",
    "Phone": "(304) 865-2067",
    "FoodPantriesImage": "https://www.foodpantries.org/gallery/no_photo_9.jpg"
  },
  {
    "State": "West Virginia",
    "City": "Parsons",
    "Name": "North Central WV Community Action - County of Tucker",
    "Description": "Provides a food pantry.  Serves Tucker County Pantry hours: Monday-Wednesdays 8:00am - 4:00pm",
    "Address": "215 First St\nParsons, WV 26287",
    "Phone": "(304) 478-3536",
    "FoodPantriesImage": "https://www.foodpantries.org/gallery/no_photo_1.jpg"
  },
  {
    "State": "West Virginia",
    "City": "Poca",
    "Name": "Five Loaves Two Fish food pantry",
    "Description": "Five Loaves Two Fish serves the north side of Putnam County, WV from Buffalo, WV to 41st. Nitro, WV.\r\nThe Pantry Hours: the 2nd and 4th Saturday each monthWe serve approximately 180 families monthly.  We give food, cleaning supplies and personal hygiene products.  For more information, please contact Dreama Ward (leader) or Johnnie Pat Brown (assistant)",
    "Address": "112 Silver Street\nPoca, WV 25159",
    "Phone": "304-755-7341/75",
    "FoodPantriesImage": "https://www.foodpantries.org/gallery/33314_five-loaves-two-fish-food-pantry_gbd.jpg"
  },
  {
    "State": "West Virginia",
    "City": "Princeton",
    "Name": "Tender Mercies Ministries Incorporated",
    "Description": "Provides a food pantry.  Serves Mercer County Pantry Hours: Monday through Thursday 10:00am-12:00pm; 1:15 - 3:00pm",
    "Address": "4001 West Main Street\nPrinceton, WV 24740",
    "Phone": "(304) 425-2557",
    "FoodPantriesImage": "https://www.foodpantries.org/gallery/no_photo_2.jpg"
  },
  {
    "State": "West Virginia",
    "City": "Princeton",
    "Name": "Salvation Army - Princeton",
    "Description": "Provides a food pantry.  Serves Mercer County, Monroe County and Summers County Pantry hours: Mondays through Fridays 9am - 4pm",
    "Address": "300 Princeton Avenue\nPrinceton, WV 24740",
    "Phone": "(304) 425-2971",
    "FoodPantriesImage": "https://www.foodpantries.org/gallery/no_photo_3.jpg"
  },
  {
    "State": "West Virginia",
    "City": "Princeton",
    "Name": "Operation Blessing",
    "Description": "Provides a food pantry.  Serves Mercer County Pantry hours: Wednesdays 9:00am - 12:00pm",
    "Address": "2nd and Highlands Avenues\nPrinceton, WV 24740",
    "Phone": "(304) 425-4740",
    "FoodPantriesImage": "https://www.foodpantries.org/gallery/no_photo_1.jpg"
  },
  {
    "State": "West Virginia",
    "City": "Princeton",
    "Name": "Burke Memorial Baptist Church",
    "Description": "Provides a food pantry.  Serves Mercer County Pantry hours: Tuesday and Thursday: 9:30 -12:30",
    "Address": "501 Thorn Street\nPrinceton, WV 24740",
    "Phone": "(304) 425-4945",
    "FoodPantriesImage": "https://www.foodpantries.org/gallery/no_photo_5.jpg"
  },
  {
    "State": "West Virginia",
    "City": "Pursglove",
    "Name": "St. Ursula's Food Pantry and Outreach",
    "Description": "Suzanne Kenney, Director\r\n\r\nMailing Address: P.O. Box 18 Pursglove, WV 26546\r\n\r\nPantry hours: 1st &amp; 3rd Wednesdays, 9:30am- 12:30pm\r\n\r\nPantry Requirements: Households are eligible once a month. Clients will be asked for the last 4 digits of the social security numbers for each person in the household, proof of income and expenses, and proof of address. Pantry serves west of the river and Star ",
    "Address": "87 Pursglove Rd. Pursglove, WV. Rt. 19 North & 7 West (On the same side of \nPursglove, WV 26546",
    "Phone": "304-599-3822",
    "FoodPantriesImage": "https://www.foodpantries.org/gallery/no_photo_6.jpg"
  },
  {
    "State": "West Virginia",
    "City": "Rand",
    "Name": "Rand Food Pantry",
    "Description": "Food Pantry, Rev. Hairston\r\nTown of Rand from Georges Drive to Quincy Hollow.",
    "Address": "4804 A  Church Dr\nRand, WV 25306",
    "Phone": "(304) 925-8078",
    "FoodPantriesImage": "https://www.foodpantries.org/gallery/no_photo_3.jpg"
  },
  {
    "State": "West Virginia",
    "City": "Ravenswood",
    "Name": "Community Resources - Jackson County",
    "Description": "Provides a food pantry.  Serves Jackson County Pantry hours: Monday-Friday: 8:00am - 4:00pm, Closed 12:00 - 1:00 for Lunch",
    "Address": "106 Royal Street\nRavenswood, WV 26164",
    "Phone": "(304) 273-5100",
    "FoodPantriesImage": "https://www.foodpantries.org/gallery/no_photo_7.jpg"
  },
  {
    "State": "West Virginia",
    "City": "Ravenswood",
    "Name": "No Hunger Food Pantry",
    "Description": "Hours:Monday and Friday from 11am to 4pm. Volunteers and donations are welcomed during business hours. Also, No Hunger is the only pantry in Ravenswood. ",
    "Address": "231 Walnut St\nRavenswood, WV 26164",
    "Phone": "(304) 512-7309",
    "FoodPantriesImage": "https://www.foodpantries.org/gallery/34826_no-hunger-food-pantry_dsr.jpg"
  },
  {
    "State": "West Virginia",
    "City": "Ravenswood",
    "Name": "Community Resources, Inc. - Jackson County",
    "Description": "Monday-Friday: 8:00am - 4:00pm, Closed 12:00 - 1:00 for Lunch\r\n(304) 273-5100",
    "Address": "106 Royal Street\nRavenswood, WV 26164",
    "Phone": "(304) 273-5539",
    "FoodPantriesImage": "https://www.foodpantries.org/gallery/no_photo_8.jpg"
  },
  {
    "State": "West Virginia",
    "City": "Rivesville",
    "Name": "Rivesville Free Methodist Church Food Pantry",
    "Description": "Provides a food pantry.  Serves Marion County",
    "Address": "209 Main St\nRivesville, WV 26588",
    "Phone": "(304) 278-5702",
    "FoodPantriesImage": "https://www.foodpantries.org/gallery/no_photo_10.jpg"
  },
  {
    "State": "West Virginia",
    "City": "Rivesville",
    "Name": "Shepherd's Love Food Pantry",
    "Description": "Hours:  2nd and 3rd Saturday of each month 10:00 am - 11:30 am\r\n\r\nEmergency needs:   304-278-7969\r\n\r\nLocated at the Rivesville United Methodist Church, corner of Second St. and Jasper St.\r\nPastor:  Rev. Amanda Gayle Reed",
    "Address": "Jasper St.\nRivesville, WV 26588",
    "Phone": "(304) 278-7561",
    "FoodPantriesImage": "https://www.foodpantries.org/gallery/no_photo_1.jpg"
  },
  {
    "State": "West Virginia",
    "City": "Ronceverte",
    "Name": "North Central West Virginia Community Action - County of Gre",
    "Description": "Provides a food pantry.  Serves Greenbrier County Pantry hours: Monday-Friday: 8:00am - 4:00pm",
    "Address": "22 Red Oakes Shopping Center\nRonceverte, WV 24970",
    "Phone": "(304) 645-9090",
    "FoodPantriesImage": "https://www.foodpantries.org/gallery/no_photo_1.jpg"
  },
  {
    "State": "West Virginia",
    "City": "Saint Albans",
    "Name": "Christ's Kitchen",
    "Description": "Kitchen serving meals to help the hungry in St. Albans, West Virginia.  Serves over 500 meals per week.Hours:Tuesday and Thursday9:30am - 11:00amFor more information, please call.",
    "Address": "405 B Street\nSaint Albans, WV 25177",
    "Phone": "(304) 932-9406",
    "FoodPantriesImage": "https://www.foodpantries.org/gallery/no_photo_8.jpg"
  },
  {
    "State": "West Virginia",
    "City": "Saint Maryands",
    "Name": "Community Resources - Pleasants County",
    "Description": "Provides a food pantry.  Serves Pleasants County Pantry hours: Monday-Friday: 8:30am - 4:30pm (Closed Holidays)",
    "Address": "328 Second Street\nSaint Maryands, WV 26170",
    "Phone": "(304) 684-3461",
    "FoodPantriesImage": "https://www.foodpantries.org/gallery/no_photo_6.jpg"
  },
  {
    "State": "West Virginia",
    "City": "Shinnston",
    "Name": "The Lord's Pantry",
    "Description": "The Lord's Pantry serves the people that reside in the Lincoln High School Attendance Area on Thursdays from 9-12, except holidays and 5th Thursdays.  It also has a satellite at the Ten Mile Baptist Church in Dola, between Lumberport and Wallace, WV.  The Shinnston food pantry is located at 77 Church St., near the Shinnston First Baptist Church.",
    "Address": "PO Box 64\nShinnston, WV 26431",
    "Phone": "304-592-3005 or",
    "FoodPantriesImage": "https://www.foodpantries.org/gallery/no_photo_1.jpg"
  },
  {
    "State": "West Virginia",
    "City": "Sistersville",
    "Name": "Community Resources - Tyler County",
    "Description": "Provides a food pantry.  Serves Tyler County Pantry hours: Monday-Friday: 8:00am -4:00pm (Closed Holidays)",
    "Address": "712 North Wells Street\nSistersville, WV 26175",
    "Phone": "(304) 652-1554",
    "FoodPantriesImage": "https://www.foodpantries.org/gallery/no_photo_8.jpg"
  },
  {
    "State": "West Virginia",
    "City": "South Charleston",
    "Name": "Heart and Hand House",
    "Description": "Provides a food pantry.  Serves South Charleston. Documentation Required: Picture ID. Mondays through Thursdays 9:00am - 3:00pm and Friday: 9:00am - 12:00pm",
    "Address": "212 D Street\nSouth Charleston, WV 25303",
    "Phone": "(304) 744-6741",
    "FoodPantriesImage": "https://www.foodpantries.org/gallery/no_photo_8.jpg"
  },
  {
    "State": "West Virginia",
    "City": "Spencer",
    "Name": "Roane County Comm Resources",
    "Description": "Provides a food pantry.  Serves Roane County Pantry Hours: Monday - Friday 800am - 4:00pm(Closed Holidays)",
    "Address": "225 E Main Street\nSpencer, WV 25276",
    "Phone": "(304) 927-4632",
    "FoodPantriesImage": "https://www.foodpantries.org/gallery/no_photo_6.jpg"
  },
  {
    "State": "West Virginia",
    "City": "St Albans",
    "Name": "Christ's Kitchen",
    "Description": "Kitchen serving meals to help the hungry in St. Albans, West Virginia.  Serves over 500 meals per week.Hours:Tuesday and Thursday9:30am - 11:00amFor more information, please call.",
    "Address": "405 B Street\nSaint Albans, WV 25177",
    "Phone": "(304) 932-9406",
    "FoodPantriesImage": "https://www.foodpantries.org/gallery/no_photo_8.jpg"
  },
  {
    "State": "West Virginia",
    "City": "St Albans",
    "Name": "St Peter's United Methodist Church",
    "Description": "Provides a food pantry.  Serves Saint Albans. Documentation Required: A photo ID and proof of residency is required.&nbsp; Home delivery is not available. Groceries are available to one address every 30 days.&nbsp; Pantry Hours: Monday and Wednesday10:30am - 12:00pm",
    "Address": "2601 Forrestal Ave\nSt Albans, WV 25177",
    "Phone": "(304) 727-7531",
    "FoodPantriesImage": "https://www.foodpantries.org/gallery/32171_st_peters_united_methodist_church_25177_nml.jpg"
  },
  {
    "State": "West Virginia",
    "City": "St Albans",
    "Name": "Manna Ministries",
    "Description": "Provides a food pantry.  Serves St Albans, Jefferson",
    "Address": "114 West Main Street\nSt Albans, WV 25177",
    "Phone": "(304) 727-6520",
    "FoodPantriesImage": "https://www.foodpantries.org/gallery/no_photo_2.jpg"
  },
  {
    "State": "West Virginia",
    "City": "Sutton",
    "Name": "Mountain CAP of WV, a CDC - Braxton Office",
    "Description": "Provides a food pantry.  Serves Braxton County Pantry hours: Monday-Friday 0800 - 1600",
    "Address": "105 Jerry Burton Drive\nSutton, WV 26601",
    "Phone": "(304) 765-7738",
    "FoodPantriesImage": "https://www.foodpantries.org/gallery/no_photo_9.jpg"
  },
  {
    "State": "West Virginia",
    "City": "Weston",
    "Name": "Our Neighbor",
    "Description": "Provides a food pantry.  Serves Lewis County Pantry hours: Tuesday, Wednesday and Thursday: 9:00am - 2:00pm",
    "Address": "170 W Second Street\nWeston, WV 26452",
    "Phone": "(304) 269-6327",
    "FoodPantriesImage": "https://www.foodpantries.org/gallery/no_photo_10.jpg"
  },
  {
    "State": "West Virginia",
    "City": "Wheeling",
    "Name": "Fourth Street United Methodist Church",
    "Description": "Provides a food pantry.  Serves Marshall County, Ohio County, Brooke County Pantry hours: Friday: 1pm -3pm",
    "Address": "11th and Chapline Street\nWheeling, WV 26003",
    "Phone": "(304) 232-3980",
    "FoodPantriesImage": "https://www.foodpantries.org/gallery/no_photo_3.jpg"
  },
  {
    "State": "West Virginia",
    "City": "Wheeling",
    "Name": "House of Carpenter",
    "Description": "Provides a food pantry.  Serves Brooke County, Marshall County, Ohio County, Wetzel County Pantry Hours: Monday-Friday 8:00am - 4:00pm",
    "Address": "200 South Front Street\nWheeling, WV 26003",
    "Phone": "(304) 233-4640",
    "FoodPantriesImage": "https://www.foodpantries.org/gallery/32127_house_of_carpenter_wheeling_26003_loc.png"
  },
  {
    "State": "West Virginia",
    "City": "Wheeling",
    "Name": "St. James Evangelical Lutheran Church",
    "Description": "Pantry Hours:FOURTH Tuesday of each month from 10:00am to 12:00pm.\r\n\r\nProviding an allotment of non-perishable AND perishable food items to residents of Ohio County (WV), Marshall County (WV), and Belmont County (OH)\r\n\r\nNo income limit; households with 5+ members receive double allotment",
    "Address": "1409 Chapline Street\nWheeling, WV 26003",
    "Phone": "3042326511",
    "FoodPantriesImage": "https://www.foodpantries.org/gallery/32743_st-james-evangelical-lutheran-church_gpv.jpg"
  },
  {
    "State": "West Virginia",
    "City": "Wheeling",
    "Name": "House of the Carpenter",
    "Description": "The HOC has several different ministries of mercy caring for those who are hungry.  The largest is the food pantry.  The pantry is open on Monday - Wednesday - Friday from 9am - 3pm.  More than 500 families a month come to the food pantry for assistance.  The pantry is arranged in a   shopping   type experience which allows people to select foods that they or their family will eat.  Each famil",
    "Address": "200 S Front Street\nWheeling, WV 26003",
    "Phone": "304-233-4640",
    "FoodPantriesImage": "https://www.foodpantries.org/gallery/no_photo_5.jpg"
  },
  {
    "State": "West Virginia",
    "City": "White Sulphur Springs",
    "Name": "White Sulphur Springs Community Food Pantry",
    "Description": "Hours of operation: 1st Monday-12:00-2:00 p.m.3rd Monday w/ lunch 2:00-2:00 p.m.2nd &amp; 4th Thursday's 5:00 p.m.-7:00 pm.",
    "Address": "136 Tressell Street\nWhite Sulphur Springs, WV 24986",
    "Phone": "(304) 536-1291",
    "FoodPantriesImage": "https://www.foodpantries.org/gallery/3802_white_sulphur_springs_community_food_pantry_fsl.jpg"
  },
  {
    "State": "West Virginia",
    "City": "Williamstown",
    "Name": "Williamstown Welfare League Food Pantry",
    "Description": "Provides a food pantry.  Serves Williamstown School District Pantry hours: 3rd Saturday every month: 8:30 - 9:30 am",
    "Address": "211 4th Street\nWilliamstown, WV 26187",
    "Phone": "(304) 375-3995",
    "FoodPantriesImage": "https://www.foodpantries.org/gallery/no_photo_8.jpg"
  },
  {
    "State": "West Virginia",
    "City": "Winfield",
    "Name": "Salt & Light Food Pantry",
    "Description": "Winfield Church of the Nazarene has a food pantry called Salt and Light Food Pantry. The pantry gives out food to Putnam County residents.HoursOn the second Saturday of every month 9:00am - 12:00pm. We also have special pantries for Thanksgiving and Christmas.",
    "Address": "2986 Winfield Rd.\nWinfield, WV 25213",
    "Phone": "304-586-2180",
    "FoodPantriesImage": "https://www.foodpantries.org/gallery/35772_salt-light-food-pantry_eol.jpg"
  }
]